SNo,Rank,Allotted Quota,Allotted Institute,Course,"AllotedCategory","CandidateCategory",Remarks
1,13469,Open Seat Quota,"Jawaharlal Nehru Medical College, AMU,ALIGARH,ALIGARH MUSLIM UNIVERSITY,
ALIGARH, Uttar Pradesh, 202002",MBBS,Open,General,Allotted
2,15114,Open Seat Quota,"AIIMS Bathinda ,Jodhpur Romana near Giani Zail Singh College Mandi Dabwali Road
Bathinda, Punjab, 151001",MBBS,Open,General,Allotted
3,16075,"Delhi University
Quota","University College of Medical Sciences, New Delhi,Dilshad Garden, Delhi (NCT), 110095",MBBS,OBC,OBC,Allotted
4,16813,All India,"GRANT MEDICAL COLL & SIR J.J.HOSP,MUMBAI,Sir JJ Group of HospitalCompound,
Sir JJ Road, Byculla Mumbai, Maharashtra, 400008",MBBS,Open,General,Allotted
5,17058,All India,"R.G. KAR MEDICAL COLLEGE,KOLKATA,R G Kar Medical College
1 KHUDIRAM BOSE SARANI, West Bengal, 700004",MBBS,Open,OBC,Allotted
6,17074,All India,"Dr Ram Manohar Lohia Inst. of Med. Sce., Lucknow,Vibhuti Khand
Gomti Nagar
Lucknow, Uttar Pradesh, 226010",MBBS,Open,General,Allotted
7,18997,All India,"TOPIWALA NATIONAL MEDICAL COLLEGE,MUMBAI,Dr. A.L. Nair Road, Mumbai
Central, Mumbai, Maharashtra, 400008",MBBS,Open,General,Allotted
8,20705,Open Seat Quota,"AIIMS Guwahati,PO-CHANGSARI, DISTRICT-KAMRUP, Assam, 781101",MBBS,OBC,OBC,Allotted
9,21073,All India,"Hinduhridayasamrat Balasaheb Thackeray Medical College and Dr. R. N. Cooper
Municipal General Hospital, Maharashtra,JUHU, VILEPARLE WEST MUMBAI,
Maharashtra, 400056",MBBS,Open,EWS,Allotted
10,21118,All India,"Govt Medical College Kannur,P.O Pariyaram Medical College, Kannur, Kerala
670503",MBBS,Open,OBC,Allotted
11,21289,Open Seat Quota,"AIIMS, Madurai,AIIMS MADURAI, Tamil Nadu, 625008",MBBS,Open,EWS,Allotted
12,22715,All India,"GOVT. MEDICAL COLLEGE, KOTTAYAM,GANDHINAGAR P O
KOTTAYAM
KERALA 686008, Kerala, 686008",MBBS,OBC,OBC,Allotted
13,22805,All India,"T.D. MEDICAL COLLEGE, ALLAPPUZHA,GOVERNMENT T.D.MEDICAL COLLEGE,
VANDANAM.PO, ALAPPUZHA, Kerala, 688005",MBBS,OBC,OBC,Allotted
14,22881,All India,"JAWAHAR LAL NEHRU MEDICAL, AJMER,NEAR PATEL STADIUM AJMER,
Rajasthan, 305001",MBBS,Open,General,Allotted
15,22921,All India,"L.L.R.M. MEDICAL COLLEGE, MEERUT,LALA LAJPAT RAI MEMORIAL, MEDICAL
COLLEGE, GARH ROAD, MEERUT, Uttar Pradesh, 250004",MBBS,Open,OBC,Allotted
16,23097,Open Seat Quota,"AIIMS, Madurai,AIIMS MADURAI, Tamil Nadu, 625008",MBBS,OBC,OBC,Allotted
17,23179,All India,"RUHS College of Medical Sciences, Jaipur,RUHS COLLEGE OF MEDICAL SCIENCES,
SECTOR -11, PRATAP NAGAR, SANGANER, JAIPUR 302033, Rajasthan, 302033",MBBS,Open,OBC,Allotted
18,23337,All India,"PT. B.D. SHARMA PGIMS, ROHTAK,Pt. B.D. Sharma PGIMS, Rohtak, Haryana,
124001",MBBS,Open,General,Allotted
19,23360,All India,"ESIC Medical College, Faridabad,NH 3 NIT FARIDABAD, Haryana, 121001",MBBS,Open,General,Allotted
20,23461,All India,"Govt Medical College, Ernakulam,HMT COLONY  P O, KALAMASSERY, ERNAKULAM
DISTRICT, Kerala, 683503",MBBS,OBC,OBC,Allotted
21,23496,All India,"ESIC Medical College, Faridabad,NH 3 NIT FARIDABAD, Haryana, 121001",MBBS,Open,General,Allotted
22,23498,All India,"Govt Medical College, Ernakulam,HMT COLONY  P O, KALAMASSERY, ERNAKULAM
DISTRICT, Kerala, 683503",MBBS,OBC,OBC,Allotted
23,23509,All India,"ESIC Medical College, Faridabad,NH 3 NIT FARIDABAD, Haryana, 121001",MBBS,Open,General,Allotted
24,23530,All India,"MADURAI MEDICAL COLLEGE, MADURAI,PANAGAL ROAD
MADURAI, Tamil Nadu, 625020",MBBS,OBC,OBC,Allotted
25,23567,All India,"Govt Medical College, Idukki,Principal, Govt Medical College Idukki, Idukki colony
P.O.,Idukki District, Kerala, 685602",MBBS,Open,General,Allotted
26,23579,All India,"L.L.R.M. MEDICAL COLLEGE, MEERUT,LALA LAJPAT RAI MEMORIAL, MEDICAL
COLLEGE, GARH ROAD, MEERUT, Uttar Pradesh, 250004",MBBS,Open,OBC,Allotted
27,23581,All India,"JHALAWAR MEDICAL COLLEGE, Jhalawar ,NH-52, KOTA
ROAD,JHALAWAR,RAJASTHAN, Rajasthan, 326001",MBBS,Open,OBC,Allotted
28,23583,All India,"MAHARANI LAXMI BAI MEDICAL COLL,JHANSI,M.L.B. MEDICAL COLLEGE,
KANPUR ROAD, JHANSI, Uttar Pradesh, 284128",MBBS,Open,OBC,Allotted
29,23593,All India,"GOVT. MEDICAL COLLEGE,PATIALA,Sangrur road Government Medical College,
Patiala, Punjab, 147001",MBBS,Open,General,Allotted
30,23598,All India,"GOVT.MEDICAL COLLEGE, AMRITSAR,CIRCULAR ROAD, AMRITSAR-143001,
Punjab, 143001",MBBS,Open,General,Allotted
31,23602,All India,"Govt Medical College, Churu,Shekhawat Colony, Civil Lines Road,Churu, Rajasthan,
331001",MBBS,Open,OBC,Allotted
32,23606,Open Seat Quota,"AIIMS, Madurai,AIIMS MADURAI, Tamil Nadu, 625008",MBBS,OBC,OBC,Allotted
33,23610,All India,"V.S.S. MEDICAL COLLEGE, BURLA,AYURVIHAR,BURLA, SAMBALPUR, Odisha,
768017",MBBS,Open,OBC,Allotted
34,23611,All India,"Dr. YS Parmar Govt. Medical College, Nahan,Nahan, District Sirmaur, Himachal
Pradesh, Himachal Pradesh, 173001",MBBS,OBC,OBC,Allotted
35,23612,All India,"BPS Govt. Med. College, Sonepat,BPS GOVT MEDICAL COLLEGE FOR WOMEN
KHANPUR KALAN SONEPAT, Haryana, 131305",MBBS,Open,General,Allotted
36,23613,All India,"STANLEY MEDICAL COLLEGE, CHENNAI,No.1, Old Jail Road
Chennai, Tamil Nadu, 600001",MBBS,Open,OBC,Allotted
37,23618,All India,"Govt Medical College, Dungarpur,VILLAGE- THANA DUNGARPUR, Rajasthan, 314001",MBBS,Open,OBC,Allotted
38,23622,All India,"Veer Chandra Singh Garhwali Govt. Institute of Medical Science &
Research,BADRINATH MARG, SRIKOT, SRINAGAR - PAURI GARHWAL, Uttarakhand,
246178",MBBS,Open,General,Allotted
39,23624,All India,"SHKM GMC, Nalhar, Mewat, Haryana,THE DIRECTOR, SHAHEED HASAN
KHAN,MEWATI GOVT. MEDICAL COLLEGE, NALHAR, NUH - HARYANA - 122107,
Haryana, 122107",MBBS,Open,General,Allotted
40,23625,All India,"STANLEY MEDICAL COLLEGE, CHENNAI,No.1, Old Jail Road
Chennai, Tamil Nadu, 600001",MBBS,OBC,OBC,Allotted
41,23630,All India,"Govt. Medical College, Sirohi (rajasthan),SIROHI SHIVGANJ HIGHWAY,NEAR
AMBESHWAR ,VILLAGE- KOLAR, TEHSIL- SIVGANJ,DIST- SIROHI, Rajasthan,
307030",MBBS,Open,OBC,Allotted
42,23631,All India,"Government Medical College, ESIC, Kollam,Parippally Kollam 691574, Kerala, 691574",MBBS,OBC,OBC,Allotted
43,23632,All India,"Government Medical College and ESIC Hospital, Coimbatore,KAMARAJAR ROAD,
VARADHARAJAPURAM, SINGANALLUR, COIMBATORE, Tamil Nadu, 641015",MBBS,Open,General,Allotted
44,23637,All India,"COIMBATORE MEDICAL COLLEGE,COIMBATORE,CIVIL AERODROME POST,
AVINASHI ROAD, PEELAMEDU, COIMBATORE, Tamil Nadu, 641014",MBBS,OBC,OBC,Allotted
45,23641,All India,"COIMBATORE MEDICAL COLLEGE,COIMBATORE,CIVIL AERODROME POST,
AVINASHI ROAD, PEELAMEDU, COIMBATORE, Tamil Nadu, 641014",MBBS,OBC,OBC,Allotted
46,23647,All India,"Government Medical College, ESIC, Kollam,Parippally Kollam 691574, Kerala, 691574",MBBS,OBC,OBC,Allotted
47,23652,All India,"Thiruvannamalai MC, Thiruvannamalai, TN,District Collectorate, Master Plan Complex,
Vengikkal, Thiruvannamalai, Tamil Nadu, 606604",MBBS,Open,General,Allotted
48,23654,All India,"Sri Venkateswara Medical College, Tirupati,NEAR VIVEKANDANDA CIRCLE, ALIPIRI
ROAD TIRUPATI, Andhra Pradesh, 517507",MBBS,OBC,OBC,Allotted
49,23655,All India,"Government Medical College, Thiruvallur,BLOCK 1 MASTER PLAN COMPLEX
THIRUVALLUR COLLECTORATE PERUMBAKKAM VILLAGE THIRUVALLUR, Tamil
Nadu, 602001",MBBS,Open,General,Allotted
50,23663,All India,"RIMS Srikakulam,Balaga
Srikakulam, Andhra Pradesh, 532001",MBBS,OBC,OBC,Allotted
51,23666,All India,"Govt Medical College, Palakkad,NH-544, EAST YAKKARA, KUNNATHURMEDU POST,
PALAKKAD-678013, Kerala, 678013",MBBS,OBC,OBC,Allotted
52,23667,All India,"Government Medical College, Omandurar,GOVERNMENT MEDICAL COLLEGE,
OMANDURAR GOVERNMENT ESTATE, WALAJA ROAD, CHENNAI - 600 002., Tamil
Nadu, 600002",MBBS,OBC,OBC,Allotted
53,23668,All India,"Government Medical College, Tiruppur,18 DHARAPURAM ROAD TIRUPPUR
TAMILNADU 641608, Tamil Nadu, 641608",MBBS,Open,General,Allotted
54,23670,All India,"Government Medical College, Nilgiris,No. 1, INDU  NAGAR, MYSORE ROAD,
UDHAGAMANDALAM, NILGIRIS DISTRICT, Tamil Nadu, 643005",MBBS,Open,General,Allotted
55,23672,All India,"MADURAI MEDICAL COLLEGE, MADURAI,PANAGAL ROAD
MADURAI, Tamil Nadu, 625020",MBBS,OBC,OBC,Allotted
56,23674,All India,"Government Medical College, Nagapattinam,NO.1,MANALMEDU, ORATHUR VILLAGE,
NAGAPATTINAM TK, NAGAPATTINAM DISTRICT, Tamil Nadu, 611108",MBBS,Open,General,Allotted
57,23675,All India,"BPS Govt. Med. College, Sonepat,BPS GOVT MEDICAL COLLEGE FOR WOMEN
KHANPUR KALAN SONEPAT, Haryana, 131305",MBBS,OBC,OBC,Allotted
58,24516,Open Seat Quota,"IMS BHU Dental, Varanasi,Institute of Medical Sciences, Banaras Hindu University, Uttar
Pradesh, 221105",BDS,OBC,OBC,Allotted
59,24898,All India,"GOVT. DENTAL COLL.& HOSP., JAMNAGAR,Opp. City Police Line,
Navagam Ghed,
Jamnagar, Gujarat, 361008",BDS,Open,OBC,Allotted
60,25013,All India,"SHKM GMC, Nalhar, Mewat, Haryana,THE DIRECTOR, SHAHEED HASAN
KHAN,MEWATI GOVT. MEDICAL COLLEGE, NALHAR, NUH - HARYANA - 122107,
Haryana, 122107",MBBS,EWS,EWS,Allotted
61,26384,All India,"ESIC Dental College, Gulbarga,ESIC MEDICAL COLLEGE & HOSPITAL CAMPUS,
Sedam Road, Gulbarga, Karnataka, 585106",BDS,Open,General,Allotted
62,27931,"B.Sc Nursing All
India","College of Nursing BHU, VARANASI,The Director Institute of Medical Sciences Banaras
Hindu University, Uttar Pradesh, 221005",B.Sc. Nursing,Open,General,Allotted
63,31309,All India,"TAMILNADU GOVT D.C. & HOSP, CHENNAI,No. 1, TNPSC SALAI, PARK TOWN,
CHENNAI   600003, Tamil Nadu, 600003",BDS,Open,OBC,Allotted
64,40234,All India,"AGARTALA GOVT. DENTAL COLLEGE,AGARTAL,IGM Hospital Complex, Agartala,
West Tripura, PIN- 799001, Tripura, 799001",BDS,Open,General,Allotted
65,43626,All India,"Government Dental College Hyderabad,GOVERNMENT DENTAL COLLEGE AND
HOSPITAL,
AFZALGUNJ, HYDERABAD - 500012, Telangana, 500012",BDS,Open,General,Allotted
66,47485,All India,"ESIC College of Nursing, Gulbarga, Karnataka,ESIC COLLEGE OF NURSING
ESIC MEDICAL COLLEGE AND HOSPITAL
SEDAM ROAD
KALABURIGI, Karnataka, 585106",B.Sc. Nursing,OBC,OBC,Allotted
67,51823,All India,"GOA DENTAL COLLEGE & HOSPITAL, GOA,Bambolim,Goa, Goa, 403202",BDS,Open,General,Allotted
68,52379,All India,"MADURAI MEDICAL COLLEGE, MADURAI,PANAGAL ROAD
MADURAI, Tamil Nadu, 625020",MBBS,ST,ST,Allotted
69,54880,All India,"Government Dental College & Hospital, Srinagar,Shireen Bagh Karan Nagar Srinagar
Jammu and Kashmir India, Jammu And Kashmir, 190010",BDS,OBC,OBC,Allotted
70,54949,All India,"DC, RIMS, Imphal,PO Lamphelpat, Imphal West District, Manipur, 795004",BDS,Open,General,Allotted
71,57321,All India,"AGARTALA GOVT. DENTAL COLLEGE,AGARTAL,IGM Hospital Complex, Agartala,
West Tripura, PIN- 799001, Tripura, 799001",BDS,Open,General,Allotted
72,58184,All India,"Government Dental College, Alappuzha,Government Dental College
T.D Medical College (PO)
Alappuzha,Kerala, Kerala, 688005",BDS,OBC,OBC,Allotted
73,61671,All India,"DC, RIMS, Imphal,PO Lamphelpat, Imphal West District, Manipur, 795004",BDS,Open,General,Allotted
74,62711,All India,"AGARTALA GOVT. DENTAL COLLEGE,AGARTAL,IGM Hospital Complex, Agartala,
West Tripura, PIN- 799001, Tripura, 799001",BDS,OBC,OBC,Allotted
75,62891,All India,"Government Dental College, Alappuzha,Government Dental College
T.D Medical College (PO)
Alappuzha,Kerala, Kerala, 688005",BDS,OBC,OBC,Allotted
76,64302,"B.Sc Nursing All
India","College of Nursing Safdarjung Hospital, New Delhi,College of Nursing VMMC and
Safdarjang Hospital New Delhi, Delhi (NCT), 110029",B.Sc. Nursing,Open,OBC,Allotted
77,64976,"Deemed/Paid Seats
Quota","MM Inst. Med. and Research, Mullana,M.M. INSTITUTE OF MEDICAL SCIENCES AND
RESEARCH, MULLANA, AMBALA, HARYANA., Haryana, 133207",MBBS,Open,OBC,Allotted
78,65910,All India,"GOVT. COLLEGE OF DENTISTRY, INDORE,1 Sardar Patel Marg
Indore, Madhya Pradesh, 452001",BDS,EWS,EWS,Allotted
79,66438,"B.Sc Nursing All
India","College of Nursing BHU, VARANASI,The Director Institute of Medical Sciences Banaras
Hindu University, Uttar Pradesh, 221005",B.Sc. Nursing,OBC,OBC,Allotted
80,66865,All India,"Rajah Muthiah Dental College and Hos. , Annamalai ,GOVT DENTAL COLLEGE AND
HOSPITAL, CUDDALORE DT- ERSTWHILE RAJAH MUTHIAH DENTAL COLLEGE
AND HOSPITAL, Tamil Nadu, 608002",BDS,Open,General,Allotted
81,67612,"B.Sc Nursing All
India","College of Nursing LHMC, New Delhi,College of Nursing Lady Hardinge Medical College
& Associated Hospitals New Delhi, Delhi (NCT), 110001",B.Sc. Nursing,Open,OBC,Allotted
82,68323,All India,"Rajah Muthiah Dental College and Hos. , Annamalai ,GOVT DENTAL COLLEGE AND
HOSPITAL, CUDDALORE DT- ERSTWHILE RAJAH MUTHIAH DENTAL COLLEGE
AND HOSPITAL, Tamil Nadu, 608002",BDS,Open,General,Allotted
83,68613,All India,"AGARTALA GOVT. DENTAL COLLEGE,AGARTAL,IGM Hospital Complex, Agartala,
West Tripura, PIN- 799001, Tripura, 799001",BDS,EWS,EWS,Allotted
84,68994,"B.Sc Nursing All
India","College of Nursing BHU, VARANASI,The Director Institute of Medical Sciences Banaras
Hindu University, Uttar Pradesh, 221005",B.Sc. Nursing,OBC,OBC,Allotted
85,69133,All India,"Rajah Muthiah Dental College and Hos. , Annamalai ,GOVT DENTAL COLLEGE AND
HOSPITAL, CUDDALORE DT- ERSTWHILE RAJAH MUTHIAH DENTAL COLLEGE
AND HOSPITAL, Tamil Nadu, 608002",BDS,Open,OBC,Allotted
86,69144,All India,"ESIC Dental College, Gulbarga,ESIC MEDICAL COLLEGE & HOSPITAL CAMPUS,
Sedam Road, Gulbarga, Karnataka, 585106",BDS,Open,EWS,Allotted
87,70759,IP University Quota,"ESIC Dental College and Hospital,ESIC Hospital, Sector 15, Rohini, Delhi (NCT), 110089",BDS,OBC,OBC,Allotted
88,70830,All India,"ESIC College of Nursing, Indiranagar, Bangalore,70 APPAREDDY PALYA 7TH MAIN
INDIRANAGAR BENGALURU, Karnataka, 560008",B.Sc. Nursing,Open,General,Allotted
89,71552,All India,"M.G.D.C. & HOSPITAL, PUDUCHERRY,GOVT. OF PUDUCHERRY INSTITUTION,
GORIMEDU, PONDICHERRY, Puducherry, 605006",BDS,OBC,OBC,Allotted
90,76395,All India,"Rajah Muthiah Dental College and Hos. , Annamalai ,GOVT DENTAL COLLEGE AND
HOSPITAL, CUDDALORE DT- ERSTWHILE RAJAH MUTHIAH DENTAL COLLEGE
AND HOSPITAL, Tamil Nadu, 608002",BDS,OBC,OBC,Allotted
91,78426,All India,"DC, RIMS, Imphal,PO Lamphelpat, Imphal West District, Manipur, 795004",BDS,OBC,OBC,Allotted
92,80048,All India,"GOA DENTAL COLLEGE & HOSPITAL, GOA,Bambolim,Goa, Goa, 403202",BDS,OBC,OBC,Allotted
93,90176,"Deemed/Paid Seats
Quota","Jagadguru Gangadhar Mahaswamigalu Moorusavirmath Medical College, Hubballi,KLE
Jagadguru Gangadhar
Mahaswamigalu Moorusavirmath Medical College  Gabbur Cross Hubballi, Karnataka,
580028",MBBS,Open,General,Allotted
94,90544,"B.Sc Nursing All
India","College of Nursing LHMC, New Delhi,College of Nursing Lady Hardinge Medical College
& Associated Hospitals New Delhi, Delhi (NCT), 110001",B.Sc. Nursing,Open,EWS,Allotted
95,93954,"B.Sc Nursing All
India","College of Nursing LHMC, New Delhi,College of Nursing Lady Hardinge Medical College
& Associated Hospitals New Delhi, Delhi (NCT), 110001",B.Sc. Nursing,EWS,EWS,Allotted
96,94542,"B.Sc Nursing All
India","College of Nursing Dr. RML Hospital, New Delhi,Baba Kharak Singh Marg College of
Nursing Dr RML Hospital, Delhi (NCT), 110001",B.Sc. Nursing,Open,General,Allotted
97,97241,"B.Sc Nursing All
India","College of Nursing Dr. RML Hospital, New Delhi,Baba Kharak Singh Marg College of
Nursing Dr RML Hospital, Delhi (NCT), 110001",B.Sc. Nursing,Open,General,Allotted
98,100161,"B.Sc Nursing All
India","College of Nursing LHMC, New Delhi,College of Nursing Lady Hardinge Medical College
& Associated Hospitals New Delhi, Delhi (NCT), 110001",B.Sc. Nursing,OBC,OBC,Allotted
99,101614,"B.Sc Nursing All
India","College of Nursing Dr. RML Hospital, New Delhi,Baba Kharak Singh Marg College of
Nursing Dr RML Hospital, Delhi (NCT), 110001",B.Sc. Nursing,Open,EWS,Allotted
100,106766,"B.Sc Nursing All
India","College of Nursing Florence Nightingale CON, New
Delhi,collegeofnursinggtbh@gmail.com, Delhi (NCT), 110095",B.Sc. Nursing,Open,General,Allotted
101,109755,All India,"ESIC College of Nursing, Gulbarga, Karnataka,ESIC COLLEGE OF NURSING
ESIC MEDICAL COLLEGE AND HOSPITAL
SEDAM ROAD
KALABURIGI, Karnataka, 585106",B.Sc. Nursing,OBC,OBC,Allotted
102,110475,All India,"ESIC College of Nursing, Indiranagar, Bangalore,70 APPAREDDY PALYA 7TH MAIN
INDIRANAGAR BENGALURU, Karnataka, 560008",B.Sc. Nursing,OBC,OBC,Allotted
103,115059,"Deemed/Paid Seats
Quota","Bharati Vidyapeeth DU Dental College and Hospt., Pune,Bharati Vidyapeeth (Deemed to
be University) Dental College and Hospital, Pune, Maharashtra, 411043",BDS,Open,OBC,Allotted
104,115476,All India,"ESIC College of Nursing, Gulbarga, Karnataka,ESIC COLLEGE OF NURSING
ESIC MEDICAL COLLEGE AND HOSPITAL
SEDAM ROAD
KALABURIGI, Karnataka, 585106",B.Sc. Nursing,OBC,OBC,Allotted
105,118292,"B.Sc Nursing All
India","College of Nursing Dr. RML Hospital, New Delhi,Baba Kharak Singh Marg College of
Nursing Dr RML Hospital, Delhi (NCT), 110001",B.Sc. Nursing,Open,OBC,Allotted
106,125412,All India,"Darbhanga Medical College, Laheriasarai,Sheetal Prasad Marg, Laheriasarai,
Darbhanga, Bihar, 846003",MBBS,SC,SC,Allotted
107,125623,"Employees State
Insurance
Scheme(ESI)","ESIC College of Nursing, Gulbarga, Karnataka,ESIC COLLEGE OF NURSING
ESIC MEDICAL COLLEGE AND HOSPITAL
SEDAM ROAD
KALABURIGI, Karnataka, 585106",B.Sc. Nursing,Open,OBC,Allotted
108,126902,All India,"Mursidabad M C & Hospital, Mursidabad,STATION ROAD, P.O. AND P.S.
BERHAMPORE,
DIST. MURSHIDABAD, West Bengal, 742101",MBBS,SC,SC,Allotted
109,127622,"Employees State
Insurance
Scheme(ESI)","ESIC College of Nursing, Indiranagar, Bangalore,70 APPAREDDY PALYA 7TH MAIN
INDIRANAGAR BENGALURU, Karnataka, 560008",B.Sc. Nursing,Open,EWS,Allotted
110,127661,All India,"Government Doon Medcial College, Dehradun,Government Doon Medical College,
Dehrakhas Patel Nagar, Dehradun 248001, Uttarakhand, 248001",MBBS,SC,SC,Allotted
111,128213,All India,"Govt Medical College Badaun,Gunera Wazidpur Ujhani Road Badaun U.P. 243601",MBBS,SC,SC,Allotted
112,128881,All India,"ESIC College of Nursing, Indiranagar, Bangalore,70 APPAREDDY PALYA 7TH MAIN
INDIRANAGAR BENGALURU, Karnataka, 560008",B.Sc. Nursing,OBC,OBC,Allotted
113,129037,All India,"BIDAR INSTITUTE OF MEDICAL SCI.,  BIDAR,BIDAR INSTITUTE OF MEDICAL
SCIENCES BIDAR
UDGIR ROAD
BIDAR-585401, Karnataka, 585401",MBBS,SC,SC,Allotted
114,129158,All India,"Sri Venkateswara Medical College, Tirupati,NEAR VIVEKANDANDA CIRCLE, ALIPIRI
ROAD TIRUPATI, Andhra Pradesh, 517507",MBBS,SC,SC,Allotted
115,131101,"B.Sc Nursing All
India","College of Nursing Florence Nightingale CON, New
Delhi,collegeofnursinggtbh@gmail.com, Delhi (NCT), 110095",B.Sc. Nursing,Open,EWS,Allotted
116,131536,All India,"ESIC College of Nursing, Gulbarga, Karnataka,ESIC COLLEGE OF NURSING
ESIC MEDICAL COLLEGE AND HOSPITAL
SEDAM ROAD
KALABURIGI, Karnataka, 585106",B.Sc. Nursing,OBC,OBC,Allotted
117,131746,All India,"ESIC College of Nursing, Indiranagar, Bangalore,70 APPAREDDY PALYA 7TH MAIN
INDIRANAGAR BENGALURU, Karnataka, 560008",B.Sc. Nursing,OBC,OBC,Allotted
118,131882,All India,"ESIC College of Nursing, Indiranagar, Bangalore,70 APPAREDDY PALYA 7TH MAIN
INDIRANAGAR BENGALURU, Karnataka, 560008",B.Sc. Nursing,OBC,OBC,Allotted
119,133828,All India,"Burdwan Dental College & Hospital, Burdwan,POWER HOUSE PARA, BURDWAN
TOWN.
PURBA BARDHAMAN. W.B- 713101",BDS,SC,SC,Allotted
120,135275,"Deemed/Paid Seats
Quota","Shri Sathya Sai Medical College and RI, Chennai,Shri Sathya Sai Nagar, SBV Chennai
Campus, Ammapettai, Chengalpattu District, Tamil Nadu, 603108",MBBS,Open,OBC,Allotted
121,136375,"Deemed/Paid Seats
Quota","SRM Medical College and Hospital, Chennai,SRM NAGAR, POTHERI,
KATTANKULATHUR - 603203, KANCHEEPURAM DIST,, Tamil Nadu, 603203",MBBS,Open,General,Allotted
122,137283,"Deemed/Paid Seats
Quota","ACS Medical College and Hospital, Chennai,Periyar EVR High Raod, Velappanchavadi,
Chennai-77, Tamil Nadu, 600077",MBBS,Open,General,Allotted
123,139014,"B.Sc Nursing All
India","College of Nursing Dr. RML Hospital, New Delhi,Baba Kharak Singh Marg College of
Nursing Dr RML Hospital, Delhi (NCT), 110001",B.Sc. Nursing,OBC,OBC,Allotted
124,143352,"B.Sc Nursing All
India","College of Nursing Florence Nightingale CON, New
Delhi,collegeofnursinggtbh@gmail.com, Delhi (NCT), 110095",B.Sc. Nursing,OBC,OBC,Allotted
125,145485,"Deemed/Paid Seats
Quota","VMKV Medical College and Hospital, Salem,Sankari Main Road, NH-47,
Seeragapadi, Salem, Tamil Nadu, 636308",MBBS,Open,OBC,Allotted
126,147291,"Deemed/Paid Seats
Quota","Shri Sathya Sai Medical College and RI, Chennai,Shri Sathya Sai Nagar, SBV Chennai
Campus, Ammapettai, Chengalpattu District, Tamil Nadu, 603108",MBBS,Open,General,Allotted
127,148350,"B.Sc Nursing All
India","College of Nursing Dr. RML Hospital, New Delhi,Baba Kharak Singh Marg College of
Nursing Dr RML Hospital, Delhi (NCT), 110001",B.Sc. Nursing,OBC,OBC,Allotted
128,155432,"Deemed/Paid Seats
Quota","JSS Medical College, Mysuru,The Principal JSS Medical College and Hospital Medical
Institutions Campus S S Nagar Mysuru, Karnataka, 570015",MBBS,Open,General,Allotted
129,156422,"Deemed/Paid Seats
Quota","Sri Siddhartha Medical College DU, Tumkur,SRI SIDDHARTHA MEDICAL COLLEGE
B.H. ROAD, AGALAKOTE
TUMKUR, Karnataka, 572107",MBBS,Open,General,Allotted
130,158067,"Deemed/Paid Seats
Quota","Aarupadai Veedu Medical College and Hospt., Puducherry,PONDY - CUDDALORE
MAIN ROAD, KIRUMAMPAKKAM, PUDUCHERRY, Puducherry, 607403",MBBS,Open,OBC,Allotted
131,158401,"Deemed/Paid Seats
Quota","Amrita School of Dentistry, Kochi,Amrita School of Dentistry, Amrita Institute of Medical
Sciences (AIMS), AIMS Ponekkara P.O, Kochi, Kerala, 682041",BDS,Open,General,Allotted
132,160656,"Deemed/Paid Seats
Quota","Sri Siddhartha Academy T Begur,SRI SIDDHARTHA INSTITUTE OF MEDICAL
SCIENCES AND  RESEARCH CENTRE T BEGUR NELAMANGALA TALUK
BANGALOR, Karnataka, 562123",MBBS,Open,OBC,Allotted
133,162667,"Deemed/Paid Seats
Quota","Shri Sathya Sai Medical College and RI, Chennai,Shri Sathya Sai Nagar, SBV Chennai
Campus, Ammapettai, Chengalpattu District, Tamil Nadu, 603108",MBBS,Open,OBC,Allotted
134,166492,"Deemed/Paid Seats
Quota","Shri Sathya Sai Medical College and RI, Chennai,Shri Sathya Sai Nagar, SBV Chennai
Campus, Ammapettai, Chengalpattu District, Tamil Nadu, 603108",MBBS,Open,OBC,Allotted
135,166742,All India,"Government Medical College, Baramulla ,Kanth Bagh Baramulla, Jammu and Kashmir,
Jammu And Kashmir, 193101",MBBS,ST,ST,Allotted
136,169009,All India,"Govt. Medical College Karur,SANAPIRATTI VILLAGE NORTH GANDHIGRAMAM
KARUR TAMILNADU, Tamil Nadu, 639004",MBBS,ST,ST,Allotted
137,169088,All India,"REGIONAL INST OF MEDICAL SCI, IMPHAL,PO Lamphelpat, Imphal West District,
Manipur, 795004",MBBS,ST,ST,Allotted
138,170118,"Deemed/Paid Seats
Quota","Aarupadai Veedu Medical College and Hospt., Puducherry,PONDY - CUDDALORE
MAIN ROAD, KIRUMAMPAKKAM, PUDUCHERRY, Puducherry, 607403",MBBS,Open,OBC,Allotted
139,170146,"Deemed/Paid Seats
Quota","AB Shetty Memorial Inst. of Dental Sce., Mangaluru,Deralakatte, Mangaluru, Dakshina
Kannada, Karnataka, 575018",BDS,Open,OBC,Allotted
140,171681,"Deemed/Paid Seats
Quota","Sri Lakshmi Narayana Inst. of Med. Scien., Puducherry,OSUDU, AGARAM VILLAGE,
KOODAPAKKAM POST, VILLIANUR COMMUNE, PUDUCHERRY, Puducherry, 605502",MBBS,Open,OBC,Allotted
141,172274,"Deemed/Paid Seats
Quota","Sri Siddhartha Academy T Begur,SRI SIDDHARTHA INSTITUTE OF MEDICAL
SCIENCES AND  RESEARCH CENTRE T BEGUR NELAMANGALA TALUK
BANGALOR, Karnataka, 562123",MBBS,Open,General,Allotted
142,173522,All India,"GDC,PT.BDS UNIV.OF HEALTH SCI,ROHTAK,Post Graduate Institute of Dental
Sciences, Rohtak, Haryana, 124001",BDS,SC,SC,Allotted
143,173944,"Deemed/Paid Seats
Quota","Shri Sathya Sai Medical College and RI, Chennai,Shri Sathya Sai Nagar, SBV Chennai
Campus, Ammapettai, Chengalpattu District, Tamil Nadu, 603108",MBBS,Open,General,Allotted
144,180749,All India,"ESIC Dental College, Gulbarga,ESIC MEDICAL COLLEGE & HOSPITAL CAMPUS,
Sedam Road, Gulbarga, Karnataka, 585106",BDS,SC,SC,Allotted
145,181356,All India,"Government Dental College Hyderabad,GOVERNMENT DENTAL COLLEGE AND
HOSPITAL,
AFZALGUNJ, HYDERABAD - 500012, Telangana, 500012",BDS,SC,SC,Allotted
146,181435,"Deemed/Paid Seats
Quota","JLN Medical College, Datta Meghe, Wardha,Sawangi (Meghe), Wardha, Maharashtra
State,India, Maharashtra, 442107",MBBS,Open,OBC,Allotted
147,181475,"Deemed/Paid Seats
Quota","Aarupadai Veedu Medical College and Hospt., Puducherry,PONDY - CUDDALORE
MAIN ROAD, KIRUMAMPAKKAM, PUDUCHERRY, Puducherry, 607403",MBBS,Open,OBC,Allotted
148,189105,"Deemed/Paid Seats
Quota","Shri Sathya Sai Medical College and RI, Chennai,Shri Sathya Sai Nagar, SBV Chennai
Campus, Ammapettai, Chengalpattu District, Tamil Nadu, 603108",MBBS,Open,General,Allotted
149,189664,"Deemed/Paid Seats
Quota","Vinayaka Missions Medical College and Hospital, Karaikal,KEEZHAKASAKUDIMEDU,
KOTTUCHERRY(P.O)
KARAIKAL - 609 609, U.T. OF PUDUCHERRY, Puducherry, 609609",MBBS,Open,OBC,Allotted
150,190554,All India,"GOVT. DENTAL COLLEGE, KOZIKODE,MEDICAL COLLEGE CAMPUS, MEDICAL
COLLEGE P.O., KOZHIKODE, Kerala, 673008",BDS,SC,SC,Allotted
151,195148,"Deemed/Paid Seats
Quota","DATTA MEGHE MEDICAL COLLEGE WANADONGRI HINGNA NAGPUR,Hinaga Road
Wanadongri Nagpur Maharashtra India, Maharashtra, 441110",MBBS,Open,OBC,Allotted
152,198794,All India,"TAMILNADU GOVT D.C. & HOSP, CHENNAI,No. 1, TNPSC SALAI, PARK TOWN,
CHENNAI   600003, Tamil Nadu, 600003",BDS,SC,SC,Allotted
153,199089,IP University Quota,"ESIC Dental College and Hospital,ESIC Hospital, Sector 15, Rohini, Delhi (NCT), 110089",BDS,SC,SC,Allotted
154,199612,All India,"REGIONAL DENTAL COLLEGE, GUWAHATI,PO Indrapur,Bhangagarh, Guwahati,
Assam, 781032",BDS,SC,SC,Allotted
155,202417,IP University Quota,"ESIC Dental College and Hospital,ESIC Hospital, Sector 15, Rohini, Delhi (NCT), 110089",BDS,SC,SC,Allotted
156,203120,All India,"GOVT. COLLEGE OF DENTISTRY, INDORE,1 Sardar Patel Marg
Indore, Madhya Pradesh, 452001",BDS,SC,SC,Allotted
157,204271,"Deemed/Paid Seats
Quota","GITAM Institue of Med. Sce. and Res., Visakhapatnam,Gandhi Institute of Technology
and Management (GITAM), Rushikonda, Visakhapatnam, Andhra Pradesh, 530045",MBBS,Open,SC,Allotted
158,204788,"B.Sc Nursing All
India","College of Nursing LHMC, New Delhi,College of Nursing Lady Hardinge Medical College
& Associated Hospitals New Delhi, Delhi (NCT), 110001",B.Sc. Nursing,SC,SC,Allotted
159,204858,"Deemed/Paid Seats
Quota","Shri Sathya Sai Medical College and RI, Chennai,Shri Sathya Sai Nagar, SBV Chennai
Campus, Ammapettai, Chengalpattu District, Tamil Nadu, 603108",MBBS,Open,General,Allotted
160,207055,"Deemed/Paid Seats
Quota","GITAM Institue of Med. Sce. and Res., Visakhapatnam,Gandhi Institute of Technology
and Management (GITAM), Rushikonda, Visakhapatnam, Andhra Pradesh, 530045",MBBS,Open,OBC,Allotted
161,208242,"Employees State
Insurance
Scheme(ESI)","ESIC College of Nursing, Indiranagar, Bangalore,70 APPAREDDY PALYA 7TH MAIN
INDIRANAGAR BENGALURU, Karnataka, 560008",B.Sc. Nursing,Open,EWS,Allotted
162,208397,All India,"AGARTALA GOVT. DENTAL COLLEGE,AGARTAL,IGM Hospital Complex, Agartala,
West Tripura, PIN- 799001, Tripura, 799001",BDS,SC,SC,Allotted
163,209684,"Deemed/Paid Seats
Quota","Vinayaka Missions Medical College and Hospital, Karaikal,KEEZHAKASAKUDIMEDU,
KOTTUCHERRY(P.O)
KARAIKAL - 609 609, U.T. OF PUDUCHERRY, Puducherry, 609609",MBBS,Open,OBC,Allotted
164,210592,All India,"GOA DENTAL COLLEGE & HOSPITAL, GOA,Bambolim,Goa, Goa, 403202",BDS,SC,SC,Allotted
165,213170,All India,"Government Dental College & Hospital, Srinagar,Shireen Bagh Karan Nagar Srinagar
Jammu and Kashmir India, Jammu And Kashmir, 190010",BDS,SC,SC,Allotted
166,215441,All India,"Government Dental College & Hospital, Srinagar,Shireen Bagh Karan Nagar Srinagar
Jammu and Kashmir India, Jammu And Kashmir, 190010",BDS,SC,SC,Allotted
167,218837,"B.Sc Nursing All
India","College of Nursing BHU, VARANASI,The Director Institute of Medical Sciences Banaras
Hindu University, Uttar Pradesh, 221005",B.Sc. Nursing,SC,SC,Allotted
168,221657,"Employees State
Insurance
Scheme(ESI)","ESIC College of Nursing, Gulbarga, Karnataka,ESIC COLLEGE OF NURSING
ESIC MEDICAL COLLEGE AND HOSPITAL
SEDAM ROAD
KALABURIGI, Karnataka, 585106",B.Sc. Nursing,Open,EWS,Allotted
169,224717,"Deemed/Paid Seats
Quota","Shri Sathya Sai Medical College and RI, Chennai,Shri Sathya Sai Nagar, SBV Chennai
Campus, Ammapettai, Chengalpattu District, Tamil Nadu, 603108",MBBS,Open,OBC,Allotted
170,225717,"Deemed/Paid Seats
Quota","MM Inst. Med. and Research, Mullana,M.M. INSTITUTE OF MEDICAL SCIENCES AND
RESEARCH, MULLANA, AMBALA, HARYANA., Haryana, 133207",MBBS,Open,General,Allotted
171,229825,"Deemed/Paid Seats
Quota","Shri Sathya Sai Medical College and RI, Chennai,Shri Sathya Sai Nagar, SBV Chennai
Campus, Ammapettai, Chengalpattu District, Tamil Nadu, 603108",MBBS,Open,EWS,Allotted
172,232737,"Employees State
Insurance
Scheme(ESI)","ESIC College of Nursing, Gulbarga, Karnataka,ESIC COLLEGE OF NURSING
ESIC MEDICAL COLLEGE AND HOSPITAL
SEDAM ROAD
KALABURIGI, Karnataka, 585106",B.Sc. Nursing,Open,OBC,Allotted
173,235256,"Deemed/Paid Seats
Quota","DATTA MEGHE MEDICAL COLLEGE WANADONGRI HINGNA NAGPUR,Hinaga Road
Wanadongri Nagpur Maharashtra India, Maharashtra, 441110",MBBS,Open,OBC,Allotted
174,236603,"Deemed/Paid Seats
Quota","GITAM Institue of Med. Sce. and Res., Visakhapatnam,Gandhi Institute of Technology
and Management (GITAM), Rushikonda, Visakhapatnam, Andhra Pradesh, 530045",MBBS,Open,General,Allotted
175,240643,All India,"TAMILNADU GOVT D.C. & HOSP, CHENNAI,No. 1, TNPSC SALAI, PARK TOWN,
CHENNAI   600003, Tamil Nadu, 600003",BDS,ST,ST,Allotted
176,243889,"Deemed/Paid Seats
Quota","Shri Sathya Sai Medical College and RI, Chennai,Shri Sathya Sai Nagar, SBV Chennai
Campus, Ammapettai, Chengalpattu District, Tamil Nadu, 603108",MBBS,Open,SC,Allotted
177,243915,"Deemed/Paid Seats
Quota","AB Shetty Memorial Inst. of Dental Sce., Mangaluru,Deralakatte, Mangaluru, Dakshina
Kannada, Karnataka, 575018",BDS,Open,General,Allotted
178,247708,"Deemed/Paid Seats
Quota","Shri Sathya Sai Medical College and RI, Chennai,Shri Sathya Sai Nagar, SBV Chennai
Campus, Ammapettai, Chengalpattu District, Tamil Nadu, 603108",MBBS,Open,OBC,Allotted
179,248278,"Deemed/Paid Seats
Quota","Shri Sathya Sai Medical College and RI, Chennai,Shri Sathya Sai Nagar, SBV Chennai
Campus, Ammapettai, Chengalpattu District, Tamil Nadu, 603108",MBBS,Open,OBC,Allotted
180,249977,"Deemed/Paid Seats
Quota","Shri Sathya Sai Medical College and RI, Chennai,Shri Sathya Sai Nagar, SBV Chennai
Campus, Ammapettai, Chengalpattu District, Tamil Nadu, 603108",MBBS,Open,General,Allotted
181,251986,All India,"S.C.B. MEDICAL COLL(DENTAL),CUTTACK,S.C.B. Dental College and Hospital,
Mangalabag, Cuttack, Pin-753 007, Odisha, 753007",BDS,ST,ST,Allotted
182,252105,"Employees State
Insurance
Scheme(ESI)","ESIC College of Nursing, Gulbarga, Karnataka,ESIC COLLEGE OF NURSING
ESIC MEDICAL COLLEGE AND HOSPITAL
SEDAM ROAD
KALABURIGI, Karnataka, 585106",B.Sc. Nursing,Open,OBC,Allotted
183,254185,"Deemed/Paid Seats
Quota","Krishna Inst. of Med. Scie., Karad,KARAD, DIST. SATARA (MAHARASHTRA STATE).,
Maharashtra, 415110",MBBS,Open,OBC,Allotted
184,258861,"B.Sc Nursing All
India","College of Nursing BHU, VARANASI,The Director Institute of Medical Sciences Banaras
Hindu University, Uttar Pradesh, 221005",B.Sc. Nursing,SC,SC,Allotted
185,259718,"Deemed/Paid Seats
Quota","Sri Lakshmi Narayana Inst. of Med. Scien., Puducherry,OSUDU, AGARAM VILLAGE,
KOODAPAKKAM POST, VILLIANUR COMMUNE, PUDUCHERRY, Puducherry, 605502",MBBS,Open,SC,Allotted
186,260968,All India,"Govt Dental College RIMS Kadapa,PRINCIPAL GOVT DENTAL COLLEGE, RIMS,
PUTLAMPALLI KADAPA  State ANDHRA PRADESH Pin 516004, Andhra Pradesh,
516004",BDS,ST,ST,Allotted
187,261272,"Deemed/Paid Seats
Quota","Sri Lakshmi Narayana Inst. of Med. Scien., Puducherry,OSUDU, AGARAM VILLAGE,
KOODAPAKKAM POST, VILLIANUR COMMUNE, PUDUCHERRY, Puducherry, 605502",MBBS,Open,OBC,Allotted
188,267505,"Deemed/Paid Seats
Quota","Shri Sathya Sai Medical College and RI, Chennai,Shri Sathya Sai Nagar, SBV Chennai
Campus, Ammapettai, Chengalpattu District, Tamil Nadu, 603108",MBBS,Open,General,Allotted
189,270677,"Deemed/Paid Seats
Quota","BHAARATH MEDICAL COLLEGE AND HOSPITAL,173, AGARAM MAIN ROAD ,
SELAIYUR, TAMBARAM CHENNAI - 600073, Tamil Nadu, 600073",MBBS,Open,General,Allotted
190,271324,"Deemed/Paid Seats
Quota","Amrita School of Dentistry, Kochi,Amrita School of Dentistry, Amrita Institute of Medical
Sciences (AIMS), AIMS Ponekkara P.O, Kochi, Kerala, 682041",BDS,Open,OBC,Allotted
191,271777,"Deemed/Paid Seats
Quota","Shri Sathya Sai Medical College and RI, Chennai,Shri Sathya Sai Nagar, SBV Chennai
Campus, Ammapettai, Chengalpattu District, Tamil Nadu, 603108",MBBS,Open,OBC,Allotted
192,272744,"Deemed/Paid Seats
Quota","GITAM Institue of Med. Sce. and Res., Visakhapatnam,Gandhi Institute of Technology
and Management (GITAM), Rushikonda, Visakhapatnam, Andhra Pradesh, 530045",MBBS,Open,General,Allotted
193,276561,"Deemed/Paid Seats
Quota","VMKV Medical College and Hospital, Salem,Sankari Main Road, NH-47,
Seeragapadi, Salem, Tamil Nadu, 636308",MBBS,Open,OBC,Allotted
194,279950,All India,"Government Dental College, Alappuzha,Government Dental College
T.D Medical College (PO)
Alappuzha,Kerala, Kerala, 688005",BDS,ST,ST,Allotted
195,280085,"Employees State
Insurance
Scheme(ESI)","ESIC College of Nursing, Gulbarga, Karnataka,ESIC COLLEGE OF NURSING
ESIC MEDICAL COLLEGE AND HOSPITAL
SEDAM ROAD
KALABURIGI, Karnataka, 585106",B.Sc. Nursing,Open,General,Allotted
196,285018,"Deemed/Paid Seats
Quota","Sri Lakshmi Narayana Inst. of Med. Scien., Puducherry,OSUDU, AGARAM VILLAGE,
KOODAPAKKAM POST, VILLIANUR COMMUNE, PUDUCHERRY, Puducherry, 605502",MBBS,Open,General,Allotted
197,301719,"Deemed/Paid Seats
Quota","GITAM Institue of Med. Sce. and Res., Visakhapatnam,Gandhi Institute of Technology
and Management (GITAM), Rushikonda, Visakhapatnam, Andhra Pradesh, 530045",MBBS,Open,General,Allotted
198,303626,"Deemed/Paid Seats
Quota","Sri Lakshmi Narayana Inst. of Med. Scien., Puducherry,OSUDU, AGARAM VILLAGE,
KOODAPAKKAM POST, VILLIANUR COMMUNE, PUDUCHERRY, Puducherry, 605502",MBBS,Open,EWS,Allotted
199,304806,All India,"ESIC Dental College, Gulbarga,ESIC MEDICAL COLLEGE & HOSPITAL CAMPUS,
Sedam Road, Gulbarga, Karnataka, 585106",BDS,ST,ST,Allotted
200,308873,"Deemed/Paid Seats
Quota","BHAARATH MEDICAL COLLEGE AND HOSPITAL,173, AGARAM MAIN ROAD ,
SELAIYUR, TAMBARAM CHENNAI - 600073, Tamil Nadu, 600073",MBBS,Open,General,Allotted
201,318168,"Deemed/Paid Seats
Quota","ACS Medical College and Hospital, Chennai,Periyar EVR High Raod, Velappanchavadi,
Chennai-77, Tamil Nadu, 600077",MBBS,Open,General,Allotted
202,319075,"Deemed/Paid Seats
Quota","BHAARATH MEDICAL COLLEGE AND HOSPITAL,173, AGARAM MAIN ROAD ,
SELAIYUR, TAMBARAM CHENNAI - 600073, Tamil Nadu, 600073",MBBS,Open,General,Allotted
203,319387,Non-Resident Indian,"JSS Medical College, Mysuru,The Principal JSS Medical College and Hospital Medical
Institutions Campus S S Nagar Mysuru, Karnataka, 570015",MBBS,Open,OBC,Allotted
204,320494,"Deemed/Paid Seats
Quota","Rural Dental College, Loni,At - Loni  Tal - Rahata
Dist - Ahmednagar
Maharashtra State, India
PIN-413736
(Near Shirdi), Maharashtra, 413736",BDS,Open,General,Allotted
205,324752,"Employees State
Insurance
Scheme(ESI)","ESIC College of Nursing, Indiranagar, Bangalore,70 APPAREDDY PALYA 7TH MAIN
INDIRANAGAR BENGALURU, Karnataka, 560008",B.Sc. Nursing,Open,EWS,Allotted
206,334279,"Deemed/Paid Seats
Quota","ACS Medical College and Hospital, Chennai,Periyar EVR High Raod, Velappanchavadi,
Chennai-77, Tamil Nadu, 600077",MBBS,Open,EWS,Allotted
207,337751,"Deemed/Paid Seats
Quota","SRM Medical College and Hospital, Chennai,SRM NAGAR, POTHERI,
KATTANKULATHUR - 603203, KANCHEEPURAM DIST,, Tamil Nadu, 603203",MBBS,Open,OBC,Allotted
208,342959,"Employees State
Insurance
Scheme(ESI)","ESIC College of Nursing, Indiranagar, Bangalore,70 APPAREDDY PALYA 7TH MAIN
INDIRANAGAR BENGALURU, Karnataka, 560008",B.Sc. Nursing,Open,SC,Allotted
209,343113,"B.Sc Nursing All
India","College of Nursing Dr. RML Hospital, New Delhi,Baba Kharak Singh Marg College of
Nursing Dr RML Hospital, Delhi (NCT), 110001",B.Sc. Nursing,ST,ST,Allotted
210,346427,"Deemed/Paid Seats
Quota","BHAARATH MEDICAL COLLEGE AND HOSPITAL,173, AGARAM MAIN ROAD ,
SELAIYUR, TAMBARAM CHENNAI - 600073, Tamil Nadu, 600073",MBBS,Open,EWS,Allotted
211,350127,"Deemed/Paid Seats
Quota","Thaimoogambigai Dental College and Hsopt. Chennai,Golden George Nagar,
Mogappair, Chennai 600 107, Tamil Nadu, 600107",BDS,Open,OBC,Allotted
212,350353,"Deemed/Paid Seats
Quota","ACS Medical College and Hospital, Chennai,Periyar EVR High Raod, Velappanchavadi,
Chennai-77, Tamil Nadu, 600077",MBBS,Open,OBC,Allotted
213,353475,"Deemed/Paid Seats
Quota","Dr. DY Patil Medical College and Hospt., Pune,Dr. D. Y. Patil Medical College, Hospital
and Research Centre, Sant Tukaram Nagar, Pimpri, Pune., Maharashtra, 411018",MBBS,Open,OBC,Allotted
214,368159,"Deemed/Paid Seats
Quota","VMKV Medical College and Hospital, Salem,Sankari Main Road, NH-47,
Seeragapadi, Salem, Tamil Nadu, 636308",MBBS,Open,ST,Allotted
215,368566,"Deemed/Paid Seats
Quota","BHAARATH MEDICAL COLLEGE AND HOSPITAL,173, AGARAM MAIN ROAD ,
SELAIYUR, TAMBARAM CHENNAI - 600073, Tamil Nadu, 600073",MBBS,Open,EWS,Allotted
216,371402,"Employees State
Insurance
Scheme(ESI)","ESIC College of Nursing, Gulbarga, Karnataka,ESIC COLLEGE OF NURSING
ESIC MEDICAL COLLEGE AND HOSPITAL
SEDAM ROAD
KALABURIGI, Karnataka, 585106",B.Sc. Nursing,Open,EWS,Allotted
217,379661,"Deemed/Paid Seats
Quota","ACS Medical College and Hospital, Chennai,Periyar EVR High Raod, Velappanchavadi,
Chennai-77, Tamil Nadu, 600077",MBBS,Open,SC,Allotted
218,380536,"Deemed/Paid Seats
Quota","Aarupadai Veedu Medical College and Hospt., Puducherry,PONDY - CUDDALORE
MAIN ROAD, KIRUMAMPAKKAM, PUDUCHERRY, Puducherry, 607403",MBBS,Open,OBC,Allotted
219,382962,"Employees State
Insurance
Scheme(ESI)","ESIC College of Nursing, Gulbarga, Karnataka,ESIC COLLEGE OF NURSING
ESIC MEDICAL COLLEGE AND HOSPITAL
SEDAM ROAD
KALABURIGI, Karnataka, 585106",B.Sc. Nursing,Open,SC,Allotted
220,385926,"Deemed/Paid Seats
Quota","Aarupadai Veedu Medical College and Hospt., Puducherry,PONDY - CUDDALORE
MAIN ROAD, KIRUMAMPAKKAM, PUDUCHERRY, Puducherry, 607403",MBBS,Open,SC,Allotted
221,386008,"Deemed/Paid Seats
Quota","Aarupadai Veedu Medical College and Hospt., Puducherry,PONDY - CUDDALORE
MAIN ROAD, KIRUMAMPAKKAM, PUDUCHERRY, Puducherry, 607403",MBBS,Open,SC,Allotted
222,389984,"Deemed/Paid Seats
Quota","VMKV Medical College and Hospital, Salem,Sankari Main Road, NH-47,
Seeragapadi, Salem, Tamil Nadu, 636308",MBBS,Open,OBC,Allotted
223,391569,"Deemed/Paid Seats
Quota","Aarupadai Veedu Medical College and Hospt., Puducherry,PONDY - CUDDALORE
MAIN ROAD, KIRUMAMPAKKAM, PUDUCHERRY, Puducherry, 607403",MBBS,Open,EWS,Allotted
224,397887,Non-Resident Indian,"JSS Medical College, Mysuru,The Principal JSS Medical College and Hospital Medical
Institutions Campus S S Nagar Mysuru, Karnataka, 570015",MBBS,Open,General,Allotted
225,402968,"Deemed/Paid Seats
Quota","Sree Balaji Medical College and Hospital, Chennai,NO 7 WORKS ROAD CHROMEPET
CHENNAI, Tamil Nadu, 600044",MBBS,Open,OBC,Allotted
226,404398,"Deemed/Paid Seats
Quota","Dr. DY Patil Dental College and Hosp. Navi Mumbai,Dr. D. Y. Patil Vidyanagar, Sector 7,
Nerul, Navi Mumbai, Maharashtra, 400706",BDS,Open,OBC,Allotted
227,406155,"Employees State
Insurance
Scheme(ESI)","ESIC College of Nursing, Gulbarga, Karnataka,ESIC COLLEGE OF NURSING
ESIC MEDICAL COLLEGE AND HOSPITAL
SEDAM ROAD
KALABURIGI, Karnataka, 585106",B.Sc. Nursing,Open,OBC,Allotted
228,416957,"Deemed/Paid Seats
Quota","Mahatma Gandhi Medical College, Pondicherry,SBV Pondicherry Campus,
Pillaiyarkuppam, Puducherry, 607402",MBBS,Open,OBC,Allotted
229,420604,"Deemed/Paid Seats
Quota","Sree Balaji Medical College and Hospital, Chennai,NO 7 WORKS ROAD CHROMEPET
CHENNAI, Tamil Nadu, 600044",MBBS,Open,General,Allotted
230,420708,"Deemed/Paid Seats
Quota","Sree Balaji Medical College and Hospital, Chennai,NO 7 WORKS ROAD CHROMEPET
CHENNAI, Tamil Nadu, 600044",MBBS,Open,General,Allotted
231,429443,"Deemed/Paid Seats
Quota","ACS Medical College and Hospital, Chennai,Periyar EVR High Raod, Velappanchavadi,
Chennai-77, Tamil Nadu, 600077",MBBS,Open,EWS,Allotted
232,450565,"Deemed/Paid Seats
Quota","Sree Balaji Medical College and Hospital, Chennai,NO 7 WORKS ROAD CHROMEPET
CHENNAI, Tamil Nadu, 600044",MBBS,Open,General,Allotted
233,450675,"Deemed/Paid Seats
Quota","ACS Medical College and Hospital, Chennai,Periyar EVR High Raod, Velappanchavadi,
Chennai-77, Tamil Nadu, 600077",MBBS,Open,SC,Allotted
234,450687,"Employees State
Insurance
Scheme(ESI)","ESIC College of Nursing, Gulbarga, Karnataka,ESIC COLLEGE OF NURSING
ESIC MEDICAL COLLEGE AND HOSPITAL
SEDAM ROAD
KALABURIGI, Karnataka, 585106",B.Sc. Nursing,Open,OBC,Allotted
235,461804,"Deemed/Paid Seats
Quota","Chettinad Hos. and Res. Inst., Kancheepuram,Rajiv Gandhi Salai, Kelambakkam,
Chengalpattu District, Tamil Nadu, 603103",MBBS,Open,OBC,Allotted
236,464166,"Deemed/Paid Seats
Quota","Santosh Dental College and Hospital, Ghaziabad,No.1, Santosh Nagar, Ghaziabad, NCR
Delhi, Uttar Pradesh, 201009",BDS,Open,EWS,Allotted
237,467089,"Deemed/Paid Seats
Quota","Sree Balaji Medical College and Hospital, Chennai,NO 7 WORKS ROAD CHROMEPET
CHENNAI, Tamil Nadu, 600044",MBBS,Open,OBC,Allotted
238,471664,"Deemed/Paid Seats
Quota","Sree Balaji Medical College and Hospital, Chennai,NO 7 WORKS ROAD CHROMEPET
CHENNAI, Tamil Nadu, 600044",MBBS,Open,General,Allotted
239,483620,"Deemed/Paid Seats
Quota","School of Dental Sciences and KIMSDU, Karad,KARAD, DIST SATARA
(MAHARASHTRA STATE) - 415110, Maharashtra, 415110",BDS,Open,SC,Allotted
240,493522,"Employees State
Insurance
Scheme(ESI)","ESIC College of Nursing, Indiranagar, Bangalore,70 APPAREDDY PALYA 7TH MAIN
INDIRANAGAR BENGALURU, Karnataka, 560008",B.Sc. Nursing,Open,EWS,Allotted
241,501764,"Deemed/Paid Seats
Quota","Sree Balaji Medical College and Hospital, Chennai,NO 7 WORKS ROAD CHROMEPET
CHENNAI, Tamil Nadu, 600044",MBBS,Open,OBC,Allotted
242,503145,"Employees State
Insurance
Scheme(ESI)","ESIC College of Nursing, Indiranagar, Bangalore,70 APPAREDDY PALYA 7TH MAIN
INDIRANAGAR BENGALURU, Karnataka, 560008",B.Sc. Nursing,Open,General,Allotted
243,505338,"Employees State
Insurance
Scheme(ESI)","ESIC College of Nursing, Gulbarga, Karnataka,ESIC COLLEGE OF NURSING
ESIC MEDICAL COLLEGE AND HOSPITAL
SEDAM ROAD
KALABURIGI, Karnataka, 585106",B.Sc. Nursing,Open,General,Allotted
244,508463,"Employees State
Insurance
Scheme(ESI)","ESIC College of Nursing, Indiranagar, Bangalore,70 APPAREDDY PALYA 7TH MAIN
INDIRANAGAR BENGALURU, Karnataka, 560008",B.Sc. Nursing,Open,SC,Allotted
245,524008,"Deemed/Paid Seats
Quota","Sree Balaji Medical College and Hospital, Chennai,NO 7 WORKS ROAD CHROMEPET
CHENNAI, Tamil Nadu, 600044",MBBS,Open,General,Allotted
246,539561,"Deemed/Paid Seats
Quota","Sree Balaji Medical College and Hospital, Chennai,NO 7 WORKS ROAD CHROMEPET
CHENNAI, Tamil Nadu, 600044",MBBS,Open,OBC,Allotted
247,541139,"Deemed/Paid Seats
Quota","Sree Balaji Medical College and Hospital, Chennai,NO 7 WORKS ROAD CHROMEPET
CHENNAI, Tamil Nadu, 600044",MBBS,Open,OBC,Allotted
248,547590,"Employees State
Insurance
Scheme(ESI)","ESIC College of Nursing, Gulbarga, Karnataka,ESIC COLLEGE OF NURSING
ESIC MEDICAL COLLEGE AND HOSPITAL
SEDAM ROAD
KALABURIGI, Karnataka, 585106",B.Sc. Nursing,Open,OBC,Allotted
249,554485,"Deemed/Paid Seats
Quota","Sree Balaji Medical College and Hospital, Chennai,NO 7 WORKS ROAD CHROMEPET
CHENNAI, Tamil Nadu, 600044",MBBS,Open,SC,Allotted
250,557314,"Deemed/Paid Seats
Quota","Sree Balaji Medical College and Hospital, Chennai,NO 7 WORKS ROAD CHROMEPET
CHENNAI, Tamil Nadu, 600044",MBBS,Open,OBC,Allotted
251,558210,"Employees State
Insurance
Scheme(ESI)","ESIC College of Nursing, Gulbarga, Karnataka,ESIC COLLEGE OF NURSING
ESIC MEDICAL COLLEGE AND HOSPITAL
SEDAM ROAD
KALABURIGI, Karnataka, 585106",B.Sc. Nursing,Open,General,Allotted
252,558670,"Deemed/Paid Seats
Quota","Sree Balaji Medical College and Hospital, Chennai,NO 7 WORKS ROAD CHROMEPET
CHENNAI, Tamil Nadu, 600044",MBBS,Open,General,Allotted
253,568101,"Deemed/Paid Seats
Quota","Sree Balaji Medical College and Hospital, Chennai,NO 7 WORKS ROAD CHROMEPET
CHENNAI, Tamil Nadu, 600044",MBBS,Open,General,Allotted
254,568334,"Employees State
Insurance
Scheme(ESI)","ESIC College of Nursing, Indiranagar, Bangalore,70 APPAREDDY PALYA 7TH MAIN
INDIRANAGAR BENGALURU, Karnataka, 560008",B.Sc. Nursing,Open,General,Allotted
255,578532,"Employees State
Insurance
Scheme(ESI)","ESIC College of Nursing, Gulbarga, Karnataka,ESIC COLLEGE OF NURSING
ESIC MEDICAL COLLEGE AND HOSPITAL
SEDAM ROAD
KALABURIGI, Karnataka, 585106",B.Sc. Nursing,Open,OBC,Allotted
256,582914,"Deemed/Paid Seats
Quota","MM College of Dental Scie. and Res., Mullana,M.M. COLLEGE OF DENTAL SCIENCES
AND RESEARCH, MULLANA, AMBALA, HARYANA, Haryana, 133207",BDS,Open,General,Allotted
257,586133,"Deemed/Paid Seats
Quota","Sree Balaji Medical College and Hospital, Chennai,NO 7 WORKS ROAD CHROMEPET
CHENNAI, Tamil Nadu, 600044",MBBS,Open,General,Allotted
258,589613,"Deemed/Paid Seats
Quota","JSS Dental College, Mysuru,The Principal JSS Dental College and Hospital Medical
Institutions Campus Bannimantap S S Nagar Mysu, Karnataka, 570015",BDS,Open,SC,Allotted
259,608415,"Deemed/Paid Seats
Quota","JSS Dental College, Mysuru,The Principal JSS Dental College and Hospital Medical
Institutions Campus Bannimantap S S Nagar Mysu, Karnataka, 570015",BDS,Open,OBC,Allotted
260,614629,"Employees State
Insurance
Scheme(ESI)","ESIC College of Nursing, Gulbarga, Karnataka,ESIC COLLEGE OF NURSING
ESIC MEDICAL COLLEGE AND HOSPITAL
SEDAM ROAD
KALABURIGI, Karnataka, 585106",B.Sc. Nursing,SC,SC,Allotted
261,638347,"Employees State
Insurance
Scheme(ESI)","ESIC College of Nursing, Indiranagar, Bangalore,70 APPAREDDY PALYA 7TH MAIN
INDIRANAGAR BENGALURU, Karnataka, 560008",B.Sc. Nursing,Open,General,Allotted
262,650684,"Deemed/Paid Seats
Quota","MM College of Dental Scie. and Res., Mullana,M.M. COLLEGE OF DENTAL SCIENCES
AND RESEARCH, MULLANA, AMBALA, HARYANA, Haryana, 133207",BDS,Open,General,Allotted
263,659996,"Employees State
Insurance
Scheme(ESI)","ESIC College of Nursing, Indiranagar, Bangalore,70 APPAREDDY PALYA 7TH MAIN
INDIRANAGAR BENGALURU, Karnataka, 560008",B.Sc. Nursing,Open,OBC,Allotted
264,663164,"Deemed/Paid Seats
Quota","Thaimoogambigai Dental College and Hsopt. Chennai,Golden George Nagar,
Mogappair, Chennai 600 107, Tamil Nadu, 600107",BDS,Open,General,Allotted
265,701919,"Employees State
Insurance
Scheme(ESI)","ESIC College of Nursing, Indiranagar, Bangalore,70 APPAREDDY PALYA 7TH MAIN
INDIRANAGAR BENGALURU, Karnataka, 560008",B.Sc. Nursing,Open,OBC,Allotted
266,711972,"Deemed/Paid Seats
Quota","K M Shah Dental Collegel, SumanDeep Vidyapeeth Vadodara,Sumandeep Vidyapeeth
Piparia Waghodia Vadodara Gujarat, Gujarat, 391760",BDS,Open,General,Allotted
267,762671,"Employees State
Insurance
Scheme(ESI)","ESIC College of Nursing, Indiranagar, Bangalore,70 APPAREDDY PALYA 7TH MAIN
INDIRANAGAR BENGALURU, Karnataka, 560008",B.Sc. Nursing,Open,OBC,Allotted
268,765368,"Deemed/Paid Seats
Quota","Indira Gandhi Dental College and SBV, Pondycherry,SBV Pondicherry Campus,
Pillaiyarkuppam,, Puducherry, 607402",BDS,Open,SC,Allotted
269,771343,"Employees State
Insurance
Scheme(ESI)","ESIC College of Nursing, Indiranagar, Bangalore,70 APPAREDDY PALYA 7TH MAIN
INDIRANAGAR BENGALURU, Karnataka, 560008",B.Sc. Nursing,Open,General,Allotted
270,787034,"Deemed/Paid Seats
Quota","Indira Gandhi Dental College and SBV, Pondycherry,SBV Pondicherry Campus,
Pillaiyarkuppam,, Puducherry, 607402",BDS,Open,SC,Allotted
271,807546,Non-Resident Indian,"DATTA MEGHE MEDICAL COLLEGE WANADONGRI HINGNA NAGPUR,Hinaga Road
Wanadongri Nagpur Maharashtra India, Maharashtra, 441110",MBBS,Open,OBC,Allotted
272,810039,"Deemed/Paid Seats
Quota","JSS Dental College, Mysuru,The Principal JSS Dental College and Hospital Medical
Institutions Campus Bannimantap S S Nagar Mysu, Karnataka, 570015",BDS,Open,General,Allotted
273,829111,"Deemed/Paid Seats
Quota","K M Shah Dental Collegel, SumanDeep Vidyapeeth Vadodara,Sumandeep Vidyapeeth
Piparia Waghodia Vadodara Gujarat, Gujarat, 391760",BDS,Open,OBC,Allotted
274,838019,"Deemed/Paid Seats
Quota","School of Dental Sciences and KIMSDU, Karad,KARAD, DIST SATARA
(MAHARASHTRA STATE) - 415110, Maharashtra, 415110",BDS,Open,OBC,Allotted
275,840373,"Deemed/Paid Seats
Quota","SATHYABAMA UNIV. Dental College and Hospt. Chennai,JEPPIAAR NAGAR RAJIV
GANDHI SALAI, Tamil Nadu, 600119",BDS,Open,OBC,Allotted
276,862788,"Deemed/Paid Seats
Quota","K M Shah Dental Collegel, SumanDeep Vidyapeeth Vadodara,Sumandeep Vidyapeeth
Piparia Waghodia Vadodara Gujarat, Gujarat, 391760",BDS,Open,OBC,Allotted
277,863661,"Deemed/Paid Seats
Quota","K M Shah Dental Collegel, SumanDeep Vidyapeeth Vadodara,Sumandeep Vidyapeeth
Piparia Waghodia Vadodara Gujarat, Gujarat, 391760",BDS,Open,OBC,Allotted
278,895297,"Deemed/Paid Seats
Quota","K M Shah Dental Collegel, SumanDeep Vidyapeeth Vadodara,Sumandeep Vidyapeeth
Piparia Waghodia Vadodara Gujarat, Gujarat, 391760",BDS,Open,General,Allotted
279,916501,Non-Resident Indian,"Dr. DYP Edu. Soc. Deemed Uni., Kolhapur,869, E Ward, D. Y. Patil Vidyanagar, Kasaba
Bavada, Kolhapur 416006, Maharashtra, 416006",MBBS,Open,SC,Allotted
280,925981,"Deemed/Paid Seats
Quota","AB Shetty Memorial Inst. of Dental Sce., Mangaluru,Deralakatte, Mangaluru, Dakshina
Kannada, Karnataka, 575018",BDS,Open,General,Allotted
281,932397,Non-Resident Indian,"JSS Medical College, Mysuru,The Principal JSS Medical College and Hospital Medical
Institutions Campus S S Nagar Mysuru, Karnataka, 570015",MBBS,Open,General,Allotted
282,958001,Non-Resident Indian,"Dr. DY Patil Medical College, Navi Mumbai,Plot No. 2, Sector 7, Nerul, Navi Mumbai,
Maharashtra, Maharashtra, 400706",MBBS,Open,General,Allotted
283,974307,"Employees State
Insurance
Scheme(ESI)","ESIC College of Nursing, Indiranagar, Bangalore,70 APPAREDDY PALYA 7TH MAIN
INDIRANAGAR BENGALURU, Karnataka, 560008",B.Sc. Nursing,Open,General,Allotted
284,981169,"Deemed/Paid Seats
Quota","Amrita School of Dentistry, Kochi,Amrita School of Dentistry, Amrita Institute of Medical
Sciences (AIMS), AIMS Ponekkara P.O, Kochi, Kerala, 682041",BDS,Open,General,Allotted
285,981616,Non-Resident Indian,"K.S Hegde Medical Academy, Mangaluru,Deralakatte, Mangaluru, Dakshina Kannada
Dist,, Karnataka, 575018",MBBS,Open,General,Allotted
286,1011788,Non-Resident Indian,"Sri Siddhartha Medical College DU, Tumkur,SRI SIDDHARTHA MEDICAL COLLEGE
B.H. ROAD, AGALAKOTE
TUMKUR, Karnataka, 572107",MBBS,Open,OBC,Allotted
287,1012917,"Deemed/Paid Seats
Quota","VMS Dental College, Salem,Sankari Main Road
NH  47  Ariyanoor,  Salem., Tamil Nadu, 636308",BDS,Open,OBC,Allotted
288,1028205,"Deemed/Paid Seats
Quota","Sree Balaji Dental College and Hospital, Chennai,VELACHERY MAIN ROAD,
NARAYANAPURAM, PALLIKARANAI, CHENNAI - 600 100, Tamil Nadu, 600100",BDS,Open,OBC,Allotted
289,1047286,"Deemed/Paid Seats
Quota","SATHYABAMA UNIV. Dental College and Hospt. Chennai,JEPPIAAR NAGAR RAJIV
GANDHI SALAI, Tamil Nadu, 600119",BDS,Open,OBC,Allotted
290,1052685,"Deemed/Paid Seats
Quota","Indira Gandhi Dental College and SBV, Pondycherry,SBV Pondicherry Campus,
Pillaiyarkuppam,, Puducherry, 607402",BDS,Open,ST,Allotted
291,1071256,"Employees State
Insurance
Scheme(ESI)","ESIC College of Nursing, Indiranagar, Bangalore,70 APPAREDDY PALYA 7TH MAIN
INDIRANAGAR BENGALURU, Karnataka, 560008",B.Sc. Nursing,OBC,OBC,Allotted
292,1072102,"Deemed/Paid Seats
Quota","AB Shetty Memorial Inst. of Dental Sce., Mangaluru,Deralakatte, Mangaluru, Dakshina
Kannada, Karnataka, 575018",BDS,Open,OBC,Allotted
293,1073532,"Deemed/Paid Seats
Quota","AB Shetty Memorial Inst. of Dental Sce., Mangaluru,Deralakatte, Mangaluru, Dakshina
Kannada, Karnataka, 575018",BDS,Open,OBC,Allotted
294,1091749,"Employees State
Insurance
Scheme(ESI)","ESIC College of Nursing, Gulbarga, Karnataka,ESIC COLLEGE OF NURSING
ESIC MEDICAL COLLEGE AND HOSPITAL
SEDAM ROAD
KALABURIGI, Karnataka, 585106",B.Sc. Nursing,OBC,OBC,Allotted
295,1146443,"Deemed/Paid Seats
Quota","Thaimoogambigai Dental College and Hsopt. Chennai,Golden George Nagar,
Mogappair, Chennai 600 107, Tamil Nadu, 600107",BDS,Open,OBC,Allotted
296,1163575,"Employees State
Insurance
Scheme(ESI)","ESIC College of Nursing, Gulbarga, Karnataka,ESIC COLLEGE OF NURSING
ESIC MEDICAL COLLEGE AND HOSPITAL
SEDAM ROAD
KALABURIGI, Karnataka, 585106",B.Sc. Nursing,OBC,OBC,Allotted
297,1170713,"Deemed/Paid Seats
Quota","Indira Gandhi Dental College and SBV, Pondycherry,SBV Pondicherry Campus,
Pillaiyarkuppam,, Puducherry, 607402",BDS,Open,OBC,Allotted
298,1185136,"Deemed/Paid Seats
Quota","K M Shah Dental Collegel, SumanDeep Vidyapeeth Vadodara,Sumandeep Vidyapeeth
Piparia Waghodia Vadodara Gujarat, Gujarat, 391760",BDS,Open,OBC,Allotted
299,1193206,"Deemed/Paid Seats
Quota","Thaimoogambigai Dental College and Hsopt. Chennai,Golden George Nagar,
Mogappair, Chennai 600 107, Tamil Nadu, 600107",BDS,Open,OBC,Allotted
300,1201439,"Deemed/Paid Seats
Quota","Thaimoogambigai Dental College and Hsopt. Chennai,Golden George Nagar,
Mogappair, Chennai 600 107, Tamil Nadu, 600107",BDS,Open,SC,Allotted
301,1210011,"Deemed/Paid Seats
Quota","Indira Gandhi Dental College and SBV, Pondycherry,SBV Pondicherry Campus,
Pillaiyarkuppam,, Puducherry, 607402",BDS,Open,OBC,Allotted
302,1215492,"Deemed/Paid Seats
Quota","Indira Gandhi Dental College and SBV, Pondycherry,SBV Pondicherry Campus,
Pillaiyarkuppam,, Puducherry, 607402",BDS,Open,ST,Allotted
