COLLEGE,RANK,LOC,CAT,SX,EWS,PHASE
"GOVT DENTAL COLLEGE AND HOSPITAL, HYDERABAD",66195,AU,OC,M,,P1
"GOVT DENTAL COLLEGE AND HOSPITAL, HYDERABAD",69482,AU,OC,F,,P2
"GOVT DENTAL COLLEGE AND HOSPITAL, HYDERABAD",77931,AU,OC,F,,P4
"GOVT DENTAL COLLEGE AND HOSPITAL, HYDERABAD",82593,SVU,OC,F,,P2
"GOVT DENTAL COLLEGE AND HOSPITAL, HYDERABAD",83143,AU,OC,F,,P4
"GOVT DENTAL COLLEGE AND HOSPITAL, HYDERABAD",85878,SVU,OC,F,,P2
"GOVT DENTAL COLLEGE AND HOSPITAL, HYDERABAD",86603,SVU,OC,M,,P2
"GOVT DENTAL COLLEGE AND HOSPITAL, HYDERABAD",88051,SVU,OC,F,,P2
"GOVT DENTAL COLLEGE AND HOSPITAL, HYDERABAD",100093,AU,OC,F,,P2
"GOVT DENTAL COLLEGE AND HOSPITAL, HYDERABAD",100360,SVU,OC,M,,P2
"GOVT DENTAL COLLEGE AND HOSPITAL, HYDERABAD",101535,AU,OC,M,,P2
"GOVT DENTAL COLLEGE AND HOSPITAL, HYDERABAD",107673,AU,OC,M,,P2
"GOVT DENTAL COLLEGE AND HOSPITAL, HYDERABAD",109266,AU,BCD,F,,P2
"GOVT DENTAL COLLEGE AND HOSPITAL, HYDERABAD",115641,AU,BCB,F,,P2
"GOVT DENTAL COLLEGE AND HOSPITAL, HYDERABAD",115680,AU,BCA,F,,P4
"GOVT DENTAL COLLEGE AND HOSPITAL, HYDERABAD",116181,AU,BCC,F,,P4
"GOVT DENTAL COLLEGE AND HOSPITAL, HYDERABAD",120931,AU,BCA,F,,P4
"GOVT DENTAL COLLEGE AND HOSPITAL, HYDERABAD",124899,AU,BCD,F,,P4
"GOVT DENTAL COLLEGE AND HOSPITAL, HYDERABAD",138463,SVU,BCB,F,,P4
"GOVT DENTAL COLLEGE AND HOSPITAL, HYDERABAD",150906,SVU,BCB,M,,P3
"GOVT DENTAL COLLEGE AND HOSPITAL, HYDERABAD",154599,AU,BCA,F,,P6
"GOVT DENTAL COLLEGE AND HOSPITAL, HYDERABAD",162869,OU,OC,F,,P2
"GOVT DENTAL COLLEGE AND HOSPITAL, HYDERABAD",164791,OU,OC,F,,P3
"GOVT DENTAL COLLEGE AND HOSPITAL, HYDERABAD",165840,AU,BCC,F,,P6
"GOVT DENTAL COLLEGE AND HOSPITAL, HYDERABAD",167529,OU,OC,M,,P2
"GOVT DENTAL COLLEGE AND HOSPITAL, HYDERABAD",167867,OU,OC,F,,P3
"GOVT DENTAL COLLEGE AND HOSPITAL, HYDERABAD",168367,NL,SC,M,,P1
"GOVT DENTAL COLLEGE AND HOSPITAL, HYDERABAD",169386,OU,OC,F,,P3
"GOVT DENTAL COLLEGE AND HOSPITAL, HYDERABAD",169404,AU,BCD,M,,P6
"GOVT DENTAL COLLEGE AND HOSPITAL, HYDERABAD",169431,OU,OC,F,,P2
"GOVT DENTAL COLLEGE AND HOSPITAL, HYDERABAD",170197,AU,BCB,F,,P4
"GOVT DENTAL COLLEGE AND HOSPITAL, HYDERABAD",171270,AU,SC,F,,P1
"GOVT DENTAL COLLEGE AND HOSPITAL, HYDERABAD",173784,OU,OC,F,,P3
"GOVT DENTAL COLLEGE AND HOSPITAL, HYDERABAD",175515,OU,OC,F,,P3
"GOVT DENTAL COLLEGE AND HOSPITAL, HYDERABAD",176891,OU,OC,M,,P3
"GOVT DENTAL COLLEGE AND HOSPITAL, HYDERABAD",178979,OU,BCD,F,,P3
"GOVT DENTAL COLLEGE AND HOSPITAL, HYDERABAD",180182,OU,BCD,F,,P3
"GOVT DENTAL COLLEGE AND HOSPITAL, HYDERABAD",181348,OU,BCD,F,,P3
"GOVT DENTAL COLLEGE AND HOSPITAL, HYDERABAD",181439,AU,BCB,F,,P4
"GOVT DENTAL COLLEGE AND HOSPITAL, HYDERABAD",184253,OU,BCB,M,,P2
"GOVT DENTAL COLLEGE AND HOSPITAL, HYDERABAD",185505,OU,BCE,M,,P3
"GOVT DENTAL COLLEGE AND HOSPITAL, HYDERABAD",185616,OU,BCB,F,,P2
"GOVT DENTAL COLLEGE AND HOSPITAL, HYDERABAD",186577,SVU,BCE,F,,P3
"GOVT DENTAL COLLEGE AND HOSPITAL, HYDERABAD",186725,OU,BCB,M,,P2
"GOVT DENTAL COLLEGE AND HOSPITAL, HYDERABAD",187904,OU,BCD,F,,P3
"GOVT DENTAL COLLEGE AND HOSPITAL, HYDERABAD",193661,AU,SC,F,,P4
"GOVT DENTAL COLLEGE AND HOSPITAL, HYDERABAD",195933,SVU,SC,F,,P1
"GOVT DENTAL COLLEGE AND HOSPITAL, HYDERABAD",201697,AU,SC,F,,P3
"GOVT DENTAL COLLEGE AND HOSPITAL, HYDERABAD",204281,AU,SC,F,,P3
"GOVT DENTAL COLLEGE AND HOSPITAL, HYDERABAD",208604,SVU,BCA,M,,P4
"GOVT DENTAL COLLEGE AND HOSPITAL, HYDERABAD",212499,AU,SC,F,,P4
"GOVT DENTAL COLLEGE AND HOSPITAL, HYDERABAD",225591,SVU,ST,F,,P2
"GOVT DENTAL COLLEGE AND HOSPITAL, HYDERABAD",226248,AU,ST,F,,P2
"GOVT DENTAL COLLEGE AND HOSPITAL, HYDERABAD",226975,AU,SC,F,,P6
"GOVT DENTAL COLLEGE AND HOSPITAL, HYDERABAD",232956,OU,ST,M,,P3
"GOVT DENTAL COLLEGE AND HOSPITAL, HYDERABAD",233170,OU,ST,F,,P3
"GOVT DENTAL COLLEGE AND HOSPITAL, HYDERABAD",234525,OU,ST,M,,P3
"GOVT DENTAL COLLEGE AND HOSPITAL, HYDERABAD",251724,SVU,SC,F,,P6
"GOVT DENTAL COLLEGE AND HOSPITAL, HYDERABAD",259551,OU,BCA,F,,P2
"GOVT DENTAL COLLEGE AND HOSPITAL, HYDERABAD",266687,OU,BCA,M,,P3
"GOVT DENTAL COLLEGE AND HOSPITAL, HYDERABAD",266764,OU,SC,F,,P3
"GOVT DENTAL COLLEGE AND HOSPITAL, HYDERABAD",277971,SVU,BCD,F,,P5
"GOVT DENTAL COLLEGE AND HOSPITAL, HYDERABAD",301230,AU,BCD,M,,P7
"GOVT DENTAL COLLEGE AND HOSPITAL, HYDERABAD",301259,AU,ST,F,,P3
"GOVT DENTAL COLLEGE AND HOSPITAL, HYDERABAD",308481,AU,BCA,F,,P6
"GOVT DENTAL COLLEGE AND HOSPITAL, HYDERABAD",308783,AU,BCB,F,,P6
"GOVT DENTAL COLLEGE AND HOSPITAL, HYDERABAD",317819,OU,SC,F,,P5
"GOVT DENTAL COLLEGE AND HOSPITAL, HYDERABAD",321760,AU,BCC,F,,P6
"GOVT DENTAL COLLEGE AND HOSPITAL, HYDERABAD",347987,OU,BCB,F,,P2
"GOVT DENTAL COLLEGE AND HOSPITAL, HYDERABAD",358844,AU,BCA,F,,P6
"ARMY COLLEGE OF DENTAL SCIENCES, SECUNDERABAD",185773,OU,BCD,M,,P3
"ARMY COLLEGE OF DENTAL SCIENCES, SECUNDERABAD",197374,OU,OC,F,,P3
"ARMY COLLEGE OF DENTAL SCIENCES, SECUNDERABAD",205450,OU,BCB,F,,P3
"ARMY COLLEGE OF DENTAL SCIENCES, SECUNDERABAD",209704,OU,BCB,F,,P4
"ARMY COLLEGE OF DENTAL SCIENCES, SECUNDERABAD",235814,OU,SC,F,,P3
"MALLA REDDY INSTITUTE OF DENTAL SCIENCES, HYD",176355,OU,OC,F,,P5
"MALLA REDDY INSTITUTE OF DENTAL SCIENCES, HYD",176501,SVU,BCB,F,,P5
"MALLA REDDY INSTITUTE OF DENTAL SCIENCES, HYD",182987,OU,OC,F,,P2
"MALLA REDDY INSTITUTE OF DENTAL SCIENCES, HYD",184181,OU,OC,M,,P2
"MALLA REDDY INSTITUTE OF DENTAL SCIENCES, HYD",187974,OU,OC,M,,P2
"MALLA REDDY INSTITUTE OF DENTAL SCIENCES, HYD",190511,OU,BCB,M,,P3
"MALLA REDDY INSTITUTE OF DENTAL SCIENCES, HYD",199059,OU,BCB,F,,P3
"MALLA REDDY INSTITUTE OF DENTAL SCIENCES, HYD",199865,OU,OC,F,,P3
"MALLA REDDY INSTITUTE OF DENTAL SCIENCES, HYD",199967,OU,OC,F,,P3
"MALLA REDDY INSTITUTE OF DENTAL SCIENCES, HYD",199980,OU,OC,F,,P5
"MALLA REDDY INSTITUTE OF DENTAL SCIENCES, HYD",201325,OU,BCD,F,,P2
"MALLA REDDY INSTITUTE OF DENTAL SCIENCES, HYD",201829,OU,BCE,F,,P2
"MALLA REDDY INSTITUTE OF DENTAL SCIENCES, HYD",202730,OU,BCE,F,,P3
"MALLA REDDY INSTITUTE OF DENTAL SCIENCES, HYD",202932,OU,OC,F,,P2
"MALLA REDDY INSTITUTE OF DENTAL SCIENCES, HYD",204212,OU,BCE,F,,P3
"MALLA REDDY INSTITUTE OF DENTAL SCIENCES, HYD",205533,OU,BCD,F,,P4
"MALLA REDDY INSTITUTE OF DENTAL SCIENCES, HYD",205625,OU,BCE,F,,P3
"MALLA REDDY INSTITUTE OF DENTAL SCIENCES, HYD",205792,OU,BCE,F,,P3
"MALLA REDDY INSTITUTE OF DENTAL SCIENCES, HYD",206867,OU,BCB,M,,P3
"MALLA REDDY INSTITUTE OF DENTAL SCIENCES, HYD",206918,OU,BCB,M,,P3
"MALLA REDDY INSTITUTE OF DENTAL SCIENCES, HYD",210489,OU,OC,F,,P3
"MALLA REDDY INSTITUTE OF DENTAL SCIENCES, HYD",211219,OU,OC,F,,P3
"MALLA REDDY INSTITUTE OF DENTAL SCIENCES, HYD",211228,OU,BCE,F,,P3
"MALLA REDDY INSTITUTE OF DENTAL SCIENCES, HYD",212894,OU,BCB,F,,P5
"MALLA REDDY INSTITUTE OF DENTAL SCIENCES, HYD",218604,OU,BCB,F,,P5
"MALLA REDDY INSTITUTE OF DENTAL SCIENCES, HYD",230388,SVU,BCD,F,,P4
"MALLA REDDY INSTITUTE OF DENTAL SCIENCES, HYD",242113,OU,ST,M,,P2
"MALLA REDDY INSTITUTE OF DENTAL SCIENCES, HYD",259557,OU,BCA,F,,P2
"MALLA REDDY INSTITUTE OF DENTAL SCIENCES, HYD",261215,OU,ST,M,,P2
"MALLA REDDY INSTITUTE OF DENTAL SCIENCES, HYD",263083,OU,BCA,F,,P1
"MALLA REDDY INSTITUTE OF DENTAL SCIENCES, HYD",264716,OU,ST,M,,P3
"MALLA REDDY INSTITUTE OF DENTAL SCIENCES, HYD",266919,OU,ST,M,,P2
"MALLA REDDY INSTITUTE OF DENTAL SCIENCES, HYD",277874,OU,SC,F,,P4
"MALLA REDDY INSTITUTE OF DENTAL SCIENCES, HYD",278562,OU,SC,F,,P3
"MALLA REDDY INSTITUTE OF DENTAL SCIENCES, HYD",297507,OU,BCB,F,,P5
"MALLA REDDY INSTITUTE OF DENTAL SCIENCES, HYD",299566,OU,SC,M,,P3
"MALLA REDDY INSTITUTE OF DENTAL SCIENCES, HYD",304600,OU,SC,F,,P3
"MALLA REDDY INSTITUTE OF DENTAL SCIENCES, HYD",304891,OU,SC,F,,P3
"MALLA REDDY INSTITUTE OF DENTAL SCIENCES, HYD",312107,OU,SC,F,,P3
"MALLA REDDY INSTITUTE OF DENTAL SCIENCES, HYD",312205,OU,SC,F,,P3
"MALLA REDDY INSTITUTE OF DENTAL SCIENCES, HYD",312730,OU,ST,F,,P4
"MALLA REDDY INSTITUTE OF DENTAL SCIENCES, HYD",334131,OU,BCB,F,,P7
"MALLA REDDY INSTITUTE OF DENTAL SCIENCES, HYD",359717,OU,BCA,F,,P3
"MALLA REDDY INSTITUTE OF DENTAL SCIENCES, HYD",363612,OU,BCB,F,,P4
PANINEEYA MAHA VIDYALAYA INSTITUTE OF DENTAL SCIENCES,135513,NL,OC,F,,P3
PANINEEYA MAHA VIDYALAYA INSTITUTE OF DENTAL SCIENCES,143348,SVU,OC,F,,P3
PANINEEYA MAHA VIDYALAYA INSTITUTE OF DENTAL SCIENCES,145210,OU,OC,F,,P4
PANINEEYA MAHA VIDYALAYA INSTITUTE OF DENTAL SCIENCES,172668,OU,OC,F,,P2
PANINEEYA MAHA VIDYALAYA INSTITUTE OF DENTAL SCIENCES,179351,OU,BCD,M,,P2
PANINEEYA MAHA VIDYALAYA INSTITUTE OF DENTAL SCIENCES,182890,OU,OC,F,,P2
PANINEEYA MAHA VIDYALAYA INSTITUTE OF DENTAL SCIENCES,186600,OU,BCE,F,,P2
PANINEEYA MAHA VIDYALAYA INSTITUTE OF DENTAL SCIENCES,186704,OU,OC,F,,P2
PANINEEYA MAHA VIDYALAYA INSTITUTE OF DENTAL SCIENCES,187711,OU,OC,F,,P3
PANINEEYA MAHA VIDYALAYA INSTITUTE OF DENTAL SCIENCES,188204,OU,BCE,F,,P3
PANINEEYA MAHA VIDYALAYA INSTITUTE OF DENTAL SCIENCES,190518,OU,OC,F,,P2
PANINEEYA MAHA VIDYALAYA INSTITUTE OF DENTAL SCIENCES,192200,OU,OC,F,,P2
PANINEEYA MAHA VIDYALAYA INSTITUTE OF DENTAL SCIENCES,193146,OU,BCE,M,,P2
PANINEEYA MAHA VIDYALAYA INSTITUTE OF DENTAL SCIENCES,193182,OU,BCE,F,,P2
PANINEEYA MAHA VIDYALAYA INSTITUTE OF DENTAL SCIENCES,194244,OU,BCB,F,,P3
PANINEEYA MAHA VIDYALAYA INSTITUTE OF DENTAL SCIENCES,194405,OU,BCD,F,,P3
PANINEEYA MAHA VIDYALAYA INSTITUTE OF DENTAL SCIENCES,194415,OU,BCE,F,,P3
PANINEEYA MAHA VIDYALAYA INSTITUTE OF DENTAL SCIENCES,194523,OU,BCB,F,,P3
PANINEEYA MAHA VIDYALAYA INSTITUTE OF DENTAL SCIENCES,194693,NL,BCC,F,,P4
PANINEEYA MAHA VIDYALAYA INSTITUTE OF DENTAL SCIENCES,195865,OU,OC,F,,P3
PANINEEYA MAHA VIDYALAYA INSTITUTE OF DENTAL SCIENCES,195994,OU,BCE,F,,P3
PANINEEYA MAHA VIDYALAYA INSTITUTE OF DENTAL SCIENCES,196300,OU,OC,F,,P3
PANINEEYA MAHA VIDYALAYA INSTITUTE OF DENTAL SCIENCES,197342,OU,OC,F,,P3
PANINEEYA MAHA VIDYALAYA INSTITUTE OF DENTAL SCIENCES,197380,OU,BCB,F,,P3
PANINEEYA MAHA VIDYALAYA INSTITUTE OF DENTAL SCIENCES,197476,OU,BCE,F,,P3
PANINEEYA MAHA VIDYALAYA INSTITUTE OF DENTAL SCIENCES,198491,OU,BCB,F,,P3
PANINEEYA MAHA VIDYALAYA INSTITUTE OF DENTAL SCIENCES,198685,OU,BCB,F,,P3
PANINEEYA MAHA VIDYALAYA INSTITUTE OF DENTAL SCIENCES,198706,OU,BCE,M,,P3
PANINEEYA MAHA VIDYALAYA INSTITUTE OF DENTAL SCIENCES,198870,OU,BCB,F,,P3
PANINEEYA MAHA VIDYALAYA INSTITUTE OF DENTAL SCIENCES,205704,OU,BCB,F,,P3
PANINEEYA MAHA VIDYALAYA INSTITUTE OF DENTAL SCIENCES,205933,OU,BCB,F,,P3
PANINEEYA MAHA VIDYALAYA INSTITUTE OF DENTAL SCIENCES,216743,OU,BCD,F,,P4
PANINEEYA MAHA VIDYALAYA INSTITUTE OF DENTAL SCIENCES,222505,OU,BCD,F,,P4
PANINEEYA MAHA VIDYALAYA INSTITUTE OF DENTAL SCIENCES,222526,OU,BCD,F,,P3
PANINEEYA MAHA VIDYALAYA INSTITUTE OF DENTAL SCIENCES,224264,SVU,SC,F,,P4
PANINEEYA MAHA VIDYALAYA INSTITUTE OF DENTAL SCIENCES,241415,OU,ST,F,,P3
PANINEEYA MAHA VIDYALAYA INSTITUTE OF DENTAL SCIENCES,246827,OU,ST,F,,P3
PANINEEYA MAHA VIDYALAYA INSTITUTE OF DENTAL SCIENCES,253883,OU,ST,M,,P3
PANINEEYA MAHA VIDYALAYA INSTITUTE OF DENTAL SCIENCES,265560,OU,ST,F,,P1
PANINEEYA MAHA VIDYALAYA INSTITUTE OF DENTAL SCIENCES,271355,OU,ST,M,,P3
PANINEEYA MAHA VIDYALAYA INSTITUTE OF DENTAL SCIENCES,272979,OU,SC,F,,P3
PANINEEYA MAHA VIDYALAYA INSTITUTE OF DENTAL SCIENCES,277987,OU,SC,M,,P3
PANINEEYA MAHA VIDYALAYA INSTITUTE OF DENTAL SCIENCES,280979,OU,SC,F,,P3
PANINEEYA MAHA VIDYALAYA INSTITUTE OF DENTAL SCIENCES,283323,OU,BCA,F,,P3
PANINEEYA MAHA VIDYALAYA INSTITUTE OF DENTAL SCIENCES,284276,OU,SC,F,,P3
PANINEEYA MAHA VIDYALAYA INSTITUTE OF DENTAL SCIENCES,292557,OU,BCA,F,,
PANINEEYA MAHA VIDYALAYA INSTITUTE OF DENTAL SCIENCES,187939,OU,OC,F,,P1
PANINEEYA MAHA VIDYALAYA INSTITUTE OF DENTAL SCIENCES,192755,OU,BCD,M,,P4
PANINEEYA MAHA VIDYALAYA INSTITUTE OF DENTAL SCIENCES,196077,OU,OC,F,,P2
PANINEEYA MAHA VIDYALAYA INSTITUTE OF DENTAL SCIENCES,202824,OU,OC,M,,P2
PANINEEYA MAHA VIDYALAYA INSTITUTE OF DENTAL SCIENCES,202944,OU,OC,F,,P2
PANINEEYA MAHA VIDYALAYA INSTITUTE OF DENTAL SCIENCES,203661,OU,OC,F,,P2
PANINEEYA MAHA VIDYALAYA INSTITUTE OF DENTAL SCIENCES,208254,OU,BCB,F,,P2
PANINEEYA MAHA VIDYALAYA INSTITUTE OF DENTAL SCIENCES,213840,OU,OC,F,,P3
PANINEEYA MAHA VIDYALAYA INSTITUTE OF DENTAL SCIENCES,215443,OU,OC,F,,P3
PANINEEYA MAHA VIDYALAYA INSTITUTE OF DENTAL SCIENCES,218290,OU,OC,F,,P3
PANINEEYA MAHA VIDYALAYA INSTITUTE OF DENTAL SCIENCES,219492,OU,BCD,M,,P2
PANINEEYA MAHA VIDYALAYA INSTITUTE OF DENTAL SCIENCES,221518,OU,BCB,F,,P3
PANINEEYA MAHA VIDYALAYA INSTITUTE OF DENTAL SCIENCES,222508,OU,OC,F,,P2
PANINEEYA MAHA VIDYALAYA INSTITUTE OF DENTAL SCIENCES,222531,OU,OC,M,,P2
PANINEEYA MAHA VIDYALAYA INSTITUTE OF DENTAL SCIENCES,222678,OU,BCB,M,,P3
PANINEEYA MAHA VIDYALAYA INSTITUTE OF DENTAL SCIENCES,222817,OU,BCD,M,,P3
PANINEEYA MAHA VIDYALAYA INSTITUTE OF DENTAL SCIENCES,225279,OU,BCD,F,,P3
PANINEEYA MAHA VIDYALAYA INSTITUTE OF DENTAL SCIENCES,225818,OU,BCD,F,,P4
PANINEEYA MAHA VIDYALAYA INSTITUTE OF DENTAL SCIENCES,227294,OU,BCD,F,,P3
PANINEEYA MAHA VIDYALAYA INSTITUTE OF DENTAL SCIENCES,229810,OU,BCB,F,,P3
PANINEEYA MAHA VIDYALAYA INSTITUTE OF DENTAL SCIENCES,230266,OU,BCB,M,,P3
PANINEEYA MAHA VIDYALAYA INSTITUTE OF DENTAL SCIENCES,232958,OU,BCE,F,,P3
PANINEEYA MAHA VIDYALAYA INSTITUTE OF DENTAL SCIENCES,233034,OU,BCB,F,,P3
PANINEEYA MAHA VIDYALAYA INSTITUTE OF DENTAL SCIENCES,233269,OU,BCB,F,,P4
PANINEEYA MAHA VIDYALAYA INSTITUTE OF DENTAL SCIENCES,237498,OU,BCD,F,,P5
PANINEEYA MAHA VIDYALAYA INSTITUTE OF DENTAL SCIENCES,242134,OU,BCB,M,,P3
PANINEEYA MAHA VIDYALAYA INSTITUTE OF DENTAL SCIENCES,242175,OU,BCB,F,,P4
PANINEEYA MAHA VIDYALAYA INSTITUTE OF DENTAL SCIENCES,242253,OU,BCE,F,,P3
PANINEEYA MAHA VIDYALAYA INSTITUTE OF DENTAL SCIENCES,242379,OU,BCD,F,,P3
PANINEEYA MAHA VIDYALAYA INSTITUTE OF DENTAL SCIENCES,243665,OU,BCB,F,,P4
PANINEEYA MAHA VIDYALAYA INSTITUTE OF DENTAL SCIENCES,248357,OU,BCD,F,,P5
PANINEEYA MAHA VIDYALAYA INSTITUTE OF DENTAL SCIENCES,251803,OU,BCD,M,,P3
PANINEEYA MAHA VIDYALAYA INSTITUTE OF DENTAL SCIENCES,252903,OU,BCE,F,,P4
PANINEEYA MAHA VIDYALAYA INSTITUTE OF DENTAL SCIENCES,265295,OU,ST,F,,P4
PANINEEYA MAHA VIDYALAYA INSTITUTE OF DENTAL SCIENCES,266401,OU,ST,M,,P3
PANINEEYA MAHA VIDYALAYA INSTITUTE OF DENTAL SCIENCES,273134,OU,ST,F,,P3
PANINEEYA MAHA VIDYALAYA INSTITUTE OF DENTAL SCIENCES,274715,OU,ST,M,,P1
PANINEEYA MAHA VIDYALAYA INSTITUTE OF DENTAL SCIENCES,278579,OU,ST,F,,P1
PANINEEYA MAHA VIDYALAYA INSTITUTE OF DENTAL SCIENCES,280054,OU,SC,F,,P4
PANINEEYA MAHA VIDYALAYA INSTITUTE OF DENTAL SCIENCES,286630,OU,SC,F,,P3
PANINEEYA MAHA VIDYALAYA INSTITUTE OF DENTAL SCIENCES,286968,OU,SC,F,,P2
PANINEEYA MAHA VIDYALAYA INSTITUTE OF DENTAL SCIENCES,288713,OU,SC,M,,P2
PANINEEYA MAHA VIDYALAYA INSTITUTE OF DENTAL SCIENCES,289095,OU,SC,F,,P2
PANINEEYA MAHA VIDYALAYA INSTITUTE OF DENTAL SCIENCES,292171,OU,SC,F,,P2
PANINEEYA MAHA VIDYALAYA INSTITUTE OF DENTAL SCIENCES,302837,OU,BCA,F,,P3
PANINEEYA MAHA VIDYALAYA INSTITUTE OF DENTAL SCIENCES,309384,OU,BCD,F,,P5
PANINEEYA MAHA VIDYALAYA INSTITUTE OF DENTAL SCIENCES,309414,OU,BCA,F,,P2
PANINEEYA MAHA VIDYALAYA INSTITUTE OF DENTAL SCIENCES,310249,OU,BCA,M,,P3
"MAMATA DENTAL COLLEGE, KHAMMAM",170006,AU,BCD,M,,P4
"MAMATA DENTAL COLLEGE, KHAMMAM",175175,AU,BCB,F,,P5
"MAMATA DENTAL COLLEGE, KHAMMAM",175886,AU,OC,F,,P4
"MAMATA DENTAL COLLEGE, KHAMMAM",190689,OU,BCD,F,,P2
"MAMATA DENTAL COLLEGE, KHAMMAM",209729,OU,OC,F,,P2
"MAMATA DENTAL COLLEGE, KHAMMAM",217272,OU,BCB,F,,P2
"MAMATA DENTAL COLLEGE, KHAMMAM",219092,OU,OC,F,,P3
"MAMATA DENTAL COLLEGE, KHAMMAM",221090,SVU,BCB,F,,P3
"MAMATA DENTAL COLLEGE, KHAMMAM",222651,OU,BCD,F,,P3
"MAMATA DENTAL COLLEGE, KHAMMAM",235934,OU,OC,F,,P2
"MAMATA DENTAL COLLEGE, KHAMMAM",237933,OU,OC,M,,P2
"MAMATA DENTAL COLLEGE, KHAMMAM",239029,OU,OC,M,,P2
"MAMATA DENTAL COLLEGE, KHAMMAM",240680,OU,BCB,F,,P2
"MAMATA DENTAL COLLEGE, KHAMMAM",247189,OU,OC,F,,P3
"MAMATA DENTAL COLLEGE, KHAMMAM",248547,OU,BCE,F,,P3
"MAMATA DENTAL COLLEGE, KHAMMAM",255769,OU,OC,F,,P3
"MAMATA DENTAL COLLEGE, KHAMMAM",259543,OU,OC,F,,P4
"MAMATA DENTAL COLLEGE, KHAMMAM",261654,OU,OC,F,,P3
"MAMATA DENTAL COLLEGE, KHAMMAM",261755,OU,BCE,F,,P3
"MAMATA DENTAL COLLEGE, KHAMMAM",261821,OU,OC,F,,P3
"MAMATA DENTAL COLLEGE, KHAMMAM",262477,OU,OC,M,,P3
"MAMATA DENTAL COLLEGE, KHAMMAM",263037,OU,OC,F,,P3
"MAMATA DENTAL COLLEGE, KHAMMAM",264801,OU,BCE,F,,P5
"MAMATA DENTAL COLLEGE, KHAMMAM",268213,OU,BCD,F,,P7
"MAMATA DENTAL COLLEGE, KHAMMAM",269760,OU,BCE,F,,P5
"MAMATA DENTAL COLLEGE, KHAMMAM",269848,OU,BCD,F,,P7
"MAMATA DENTAL COLLEGE, KHAMMAM",279793,OU,BCC,M,,P2
"MAMATA DENTAL COLLEGE, KHAMMAM",281736,OU,BCE,M,,P5
"MAMATA DENTAL COLLEGE, KHAMMAM",284352,OU,BCB,M,,P3
"MAMATA DENTAL COLLEGE, KHAMMAM",285152,OU,ST,F,,P3
"MAMATA DENTAL COLLEGE, KHAMMAM",286706,OU,ST,F,,P3
"MAMATA DENTAL COLLEGE, KHAMMAM",294523,OU,BCB,F,,P4
"MAMATA DENTAL COLLEGE, KHAMMAM",295944,OU,BCB,F,,P4
"MAMATA DENTAL COLLEGE, KHAMMAM",299168,OU,BCB,F,,P4
"MAMATA DENTAL COLLEGE, KHAMMAM",299192,OU,BCB,F,,P4
"MAMATA DENTAL COLLEGE, KHAMMAM",309242,OU,BCD,F,,P7
"MAMATA DENTAL COLLEGE, KHAMMAM",310481,OU,BCD,F,,P7
"MAMATA DENTAL COLLEGE, KHAMMAM",312100,AU,BCA,M,,P7
"MAMATA DENTAL COLLEGE, KHAMMAM",313913,OU,ST,M,,P3
"MAMATA DENTAL COLLEGE, KHAMMAM",319785,OU,SC,M,,P3
"MAMATA DENTAL COLLEGE, KHAMMAM",327605,OU,SC,M,,P3
"MAMATA DENTAL COLLEGE, KHAMMAM",341993,OU,ST,F,,P4
"MAMATA DENTAL COLLEGE, KHAMMAM",348360,OU,SC,M,,P4
"MAMATA DENTAL COLLEGE, KHAMMAM",361639,OU,BCA,F,,P3
"MAMATA DENTAL COLLEGE, KHAMMAM",367945,OU,BCA,F,,P3
"MAMATA DENTAL COLLEGE, KHAMMAM",382936,OU,SC,F,,P7
"SVS DENTAL COLLEGE, MAHABUBNAGAR",146481,SVU,OC,F,,P3
"SVS DENTAL COLLEGE, MAHABUBNAGAR",184144,OU,OC,F,,P5
"SVS DENTAL COLLEGE, MAHABUBNAGAR",186770,OU,OC,F,,P1
"SVS DENTAL COLLEGE, MAHABUBNAGAR",189522,OU,BCE,F,,P2
"SVS DENTAL COLLEGE, MAHABUBNAGAR",195919,OU,BCE,F,,P2
"SVS DENTAL COLLEGE, MAHABUBNAGAR",202913,OU,BCE,F,,P2
"SVS DENTAL COLLEGE, MAHABUBNAGAR",206862,OU,BCE,F,,P2
"SVS DENTAL COLLEGE, MAHABUBNAGAR",208528,OU,OC,F,,P3
"SVS DENTAL COLLEGE, MAHABUBNAGAR",209751,OU,BCE,F,,P5
"SVS DENTAL COLLEGE, MAHABUBNAGAR",211041,SVU,BCB,M,,P4
"SVS DENTAL COLLEGE, MAHABUBNAGAR",211046,OU,BCD,F,,P2
"SVS DENTAL COLLEGE, MAHABUBNAGAR",213952,SVU,SC,F,,P4
"SVS DENTAL COLLEGE, MAHABUBNAGAR",214047,OU,BCE,F,,P2
"SVS DENTAL COLLEGE, MAHABUBNAGAR",221377,OU,BCB,F,,P2
"SVS DENTAL COLLEGE, MAHABUBNAGAR",224071,OU,OC,M,,P3
"SVS DENTAL COLLEGE, MAHABUBNAGAR",224227,OU,BCB,F,,P2
"SVS DENTAL COLLEGE, MAHABUBNAGAR",229368,OU,BCE,F,,P2
"SVS DENTAL COLLEGE, MAHABUBNAGAR",231462,OU,BCB,F,,P2
"SVS DENTAL COLLEGE, MAHABUBNAGAR",234409,OU,BCD,F,,P3
"SVS DENTAL COLLEGE, MAHABUBNAGAR",234784,OU,BCD,M,,P3
"SVS DENTAL COLLEGE, MAHABUBNAGAR",235866,OU,BCB,F,,P2
"SVS DENTAL COLLEGE, MAHABUBNAGAR",237789,OU,OC,F,,P3
"SVS DENTAL COLLEGE, MAHABUBNAGAR",249075,OU,BCA,M,,P3
"SVS DENTAL COLLEGE, MAHABUBNAGAR",270167,OU,BCD,M,,P3
"SVS DENTAL COLLEGE, MAHABUBNAGAR",271409,OU,BCD,F,,P4
"SVS DENTAL COLLEGE, MAHABUBNAGAR",274669,OU,BCB,M,,P3
"SVS DENTAL COLLEGE, MAHABUBNAGAR",276392,OU,BCD,F,,P4
"SVS DENTAL COLLEGE, MAHABUBNAGAR",277249,OU,ST,M,,P4
"SVS DENTAL COLLEGE, MAHABUBNAGAR",281197,OU,BCB,F,,P4
"SVS DENTAL COLLEGE, MAHABUBNAGAR",281511,OU,SC,F,,P1
"SVS DENTAL COLLEGE, MAHABUBNAGAR",281538,OU,SC,F,,P3
"SVS DENTAL COLLEGE, MAHABUBNAGAR",284955,OU,ST,M,,P3
"SVS DENTAL COLLEGE, MAHABUBNAGAR",285701,OU,BCB,F,,P6
"SVS DENTAL COLLEGE, MAHABUBNAGAR",290219,OU,ST,F,,P3
"SVS DENTAL COLLEGE, MAHABUBNAGAR",304692,OU,BCA,F,,P2
"SVS DENTAL COLLEGE, MAHABUBNAGAR",306546,OU,SC,F,,P4
"SVS DENTAL COLLEGE, MAHABUBNAGAR",318479,OU,SC,F,,P4
"SVS DENTAL COLLEGE, MAHABUBNAGAR",319726,OU,ST,F,,P3
"SVS DENTAL COLLEGE, MAHABUBNAGAR",323689,OU,BCB,F,,P6
"SVS DENTAL COLLEGE, MAHABUBNAGAR",323731,OU,BCA,F,,P2
"SVS DENTAL COLLEGE, MAHABUBNAGAR",337288,OU,SC,F,,P3
"SVS DENTAL COLLEGE, MAHABUBNAGAR",337331,OU,ST,F,,P3
"SVS DENTAL COLLEGE, MAHABUBNAGAR",339713,OU,SC,F,,P4
"M.N.R. DENTAL COLLEGE, FASALWADI",186899,OU,BCB,F,,P4
"M.N.R. DENTAL COLLEGE, FASALWADI",201632,SVU,OC,F,,P4
"M.N.R. DENTAL COLLEGE, FASALWADI",208569,OU,OC,F,,P5
"M.N.R. DENTAL COLLEGE, FASALWADI",224349,OU,OC,F,,P2
"M.N.R. DENTAL COLLEGE, FASALWADI",227345,AU,SC,F,,P3
"M.N.R. DENTAL COLLEGE, FASALWADI",229813,OU,OC,F,,P2
"M.N.R. DENTAL COLLEGE, FASALWADI",234815,SVU,BCB,M,,P4
"M.N.R. DENTAL COLLEGE, FASALWADI",237313,OU,BCD,F,,P3
"M.N.R. DENTAL COLLEGE, FASALWADI",237739,OU,OC,F,,P3
"M.N.R. DENTAL COLLEGE, FASALWADI",237932,OU,OC,F,,P5
"M.N.R. DENTAL COLLEGE, FASALWADI",241111,OU,OC,M,,P3
"M.N.R. DENTAL COLLEGE, FASALWADI",242025,OU,OC,F,,P2
"M.N.R. DENTAL COLLEGE, FASALWADI",243512,OU,BCE,F,,P2
"M.N.R. DENTAL COLLEGE, FASALWADI",243995,OU,BCE,F,,P3
"M.N.R. DENTAL COLLEGE, FASALWADI",245068,OU,BCB,F,,P4
"M.N.R. DENTAL COLLEGE, FASALWADI",248008,OU,OC,M,,P4
"M.N.R. DENTAL COLLEGE, FASALWADI",248731,OU,BCE,F,,P4
"M.N.R. DENTAL COLLEGE, FASALWADI",251829,OU,BCE,F,,P4
"M.N.R. DENTAL COLLEGE, FASALWADI",253904,OU,BCE,F,,P4
"M.N.R. DENTAL COLLEGE, FASALWADI",261458,OU,BCE,F,,P4
"M.N.R. DENTAL COLLEGE, FASALWADI",264759,OU,BCE,M,,P4
"M.N.R. DENTAL COLLEGE, FASALWADI",265578,OU,BCE,F,,P4
"M.N.R. DENTAL COLLEGE, FASALWADI",267879,OU,BCE,F,,P4
"M.N.R. DENTAL COLLEGE, FASALWADI",274761,OU,BCD,F,,P5
"M.N.R. DENTAL COLLEGE, FASALWADI",280311,OU,ST,F,,P3
"M.N.R. DENTAL COLLEGE, FASALWADI",280375,OU,BCC,F,,P1
"M.N.R. DENTAL COLLEGE, FASALWADI",283583,OU,BCD,F,,P5
"M.N.R. DENTAL COLLEGE, FASALWADI",290600,OU,BCB,F,,P4
"M.N.R. DENTAL COLLEGE, FASALWADI",292431,OU,ST,F,,P2
"M.N.R. DENTAL COLLEGE, FASALWADI",302705,OU,BCB,F,,P4
"M.N.R. DENTAL COLLEGE, FASALWADI",303090,OU,BCB,M,,P4
"M.N.R. DENTAL COLLEGE, FASALWADI",306588,OU,BCB,F,,P4
"M.N.R. DENTAL COLLEGE, FASALWADI",312140,OU,BCD,F,,P5
"M.N.R. DENTAL COLLEGE, FASALWADI",316160,OU,SC,F,,P2
"M.N.R. DENTAL COLLEGE, FASALWADI",316806,OU,BCD,F,,P5
"M.N.R. DENTAL COLLEGE, FASALWADI",319914,OU,SC,F,,P4
"M.N.R. DENTAL COLLEGE, FASALWADI",322192,OU,BCA,M,,P1
"M.N.R. DENTAL COLLEGE, FASALWADI",328264,OU,SC,M,,P3
"M.N.R. DENTAL COLLEGE, FASALWADI",341666,OU,SC,F,,P4
"M.N.R. DENTAL COLLEGE, FASALWADI",353500,OU,SC,M,,P4
"M.N.R. DENTAL COLLEGE, FASALWADI",355722,OU,ST,F,,P4
"M.N.R. DENTAL COLLEGE, FASALWADI",357521,OU,SC,F,,P4
"M.N.R. DENTAL COLLEGE, FASALWADI",358159,OU,BCA,M,,P3
"M.N.R. DENTAL COLLEGE, FASALWADI",363610,OU,ST,M,,P4
"M.N.R. DENTAL COLLEGE, FASALWADI",385201,OU,ST,F,,P5
"KAMINENI INSTITUTE OF DENTAL SCIENCES, NARKETPALLY",157047,SVU,OC,M,,P3
"KAMINENI INSTITUTE OF DENTAL SCIENCES, NARKETPALLY",171505,SVU,OC,M,,P4
"KAMINENI INSTITUTE OF DENTAL SCIENCES, NARKETPALLY",198867,AU,OC,M,,P4
"KAMINENI INSTITUTE OF DENTAL SCIENCES, NARKETPALLY",200063,OU,BCD,F,,P4
"KAMINENI INSTITUTE OF DENTAL SCIENCES, NARKETPALLY",205438,OU,BCE,F,,P2
"KAMINENI INSTITUTE OF DENTAL SCIENCES, NARKETPALLY",206276,OU,OC,F,,P2
"KAMINENI INSTITUTE OF DENTAL SCIENCES, NARKETPALLY",208889,OU,BCE,F,,P2
"KAMINENI INSTITUTE OF DENTAL SCIENCES, NARKETPALLY",209712,OU,BCB,F,,P2
"KAMINENI INSTITUTE OF DENTAL SCIENCES, NARKETPALLY",209884,OU,BCB,F,,P3
"KAMINENI INSTITUTE OF DENTAL SCIENCES, NARKETPALLY",211068,OU,OC,F,,P3
"KAMINENI INSTITUTE OF DENTAL SCIENCES, NARKETPALLY",212837,OU,OC,F,,P2
"KAMINENI INSTITUTE OF DENTAL SCIENCES, NARKETPALLY",225814,SVU,BCD,F,,P3
"KAMINENI INSTITUTE OF DENTAL SCIENCES, NARKETPALLY",226393,SVU,SC,M,,P4
"KAMINENI INSTITUTE OF DENTAL SCIENCES, NARKETPALLY",231631,OU,OC,F,,P3
"KAMINENI INSTITUTE OF DENTAL SCIENCES, NARKETPALLY",231985,OU,OC,F,,P2
"KAMINENI INSTITUTE OF DENTAL SCIENCES, NARKETPALLY",232944,OU,OC,F,,P2
"KAMINENI INSTITUTE OF DENTAL SCIENCES, NARKETPALLY",233141,OU,BCE,F,,P3
"KAMINENI INSTITUTE OF DENTAL SCIENCES, NARKETPALLY",233224,OU,OC,F,,P3
"KAMINENI INSTITUTE OF DENTAL SCIENCES, NARKETPALLY",237554,OU,BCB,F,,P3
"KAMINENI INSTITUTE OF DENTAL SCIENCES, NARKETPALLY",237821,OU,OC,F,,P3
"KAMINENI INSTITUTE OF DENTAL SCIENCES, NARKETPALLY",241100,OU,ST,M,,P3
"KAMINENI INSTITUTE OF DENTAL SCIENCES, NARKETPALLY",244618,OU,OC,M,,P4
"KAMINENI INSTITUTE OF DENTAL SCIENCES, NARKETPALLY",245235,OU,BCD,F,,P4
"KAMINENI INSTITUTE OF DENTAL SCIENCES, NARKETPALLY",246768,OU,BCD,F,,P4
"KAMINENI INSTITUTE OF DENTAL SCIENCES, NARKETPALLY",247004,OU,BCB,M,,P4
"KAMINENI INSTITUTE OF DENTAL SCIENCES, NARKETPALLY",251964,OU,BCB,F,,P3
"KAMINENI INSTITUTE OF DENTAL SCIENCES, NARKETPALLY",254980,OU,BCD,F,,P4
"KAMINENI INSTITUTE OF DENTAL SCIENCES, NARKETPALLY",264734,OU,BCB,F,,P3
"KAMINENI INSTITUTE OF DENTAL SCIENCES, NARKETPALLY",267288,OU,BCB,F,,P3
"KAMINENI INSTITUTE OF DENTAL SCIENCES, NARKETPALLY",271576,OU,ST,M,,P3
"KAMINENI INSTITUTE OF DENTAL SCIENCES, NARKETPALLY",281871,OU,BCD,F,,P4
"KAMINENI INSTITUTE OF DENTAL SCIENCES, NARKETPALLY",283463,OU,SC,F,,P3
"KAMINENI INSTITUTE OF DENTAL SCIENCES, NARKETPALLY",284082,OU,BCC,F,,P2
"KAMINENI INSTITUTE OF DENTAL SCIENCES, NARKETPALLY",288537,OU,BCD,F,,P5
"KAMINENI INSTITUTE OF DENTAL SCIENCES, NARKETPALLY",290248,OU,BCD,F,,P4
"KAMINENI INSTITUTE OF DENTAL SCIENCES, NARKETPALLY",294603,OU,ST,F,,P3
"KAMINENI INSTITUTE OF DENTAL SCIENCES, NARKETPALLY",295882,OU,SC,F,,P4
"KAMINENI INSTITUTE OF DENTAL SCIENCES, NARKETPALLY",299712,OU,ST,M,,P3
"KAMINENI INSTITUTE OF DENTAL SCIENCES, NARKETPALLY",312113,OU,SC,F,,P2
"KAMINENI INSTITUTE OF DENTAL SCIENCES, NARKETPALLY",314198,OU,ST,F,,P2
"KAMINENI INSTITUTE OF DENTAL SCIENCES, NARKETPALLY",316270,OU,SC,M,,P3
"KAMINENI INSTITUTE OF DENTAL SCIENCES, NARKETPALLY",319757,OU,SC,F,,P4
"KAMINENI INSTITUTE OF DENTAL SCIENCES, NARKETPALLY",325619,OU,BCA,F,,P4
"KAMINENI INSTITUTE OF DENTAL SCIENCES, NARKETPALLY",327514,OU,SC,F,,P3
"KAMINENI INSTITUTE OF DENTAL SCIENCES, NARKETPALLY",328272,OU,ST,M,,P4
"KAMINENI INSTITUTE OF DENTAL SCIENCES, NARKETPALLY",339651,OU,BCA,F,,P2
"MEGHANA INSTITUTE OF DENTAL SCIENCES, NIZAMABAD",145318,AU,OC,F,,P2
"MEGHANA INSTITUTE OF DENTAL SCIENCES, NIZAMABAD",188048,OU,BCE,F,,P5
"MEGHANA INSTITUTE OF DENTAL SCIENCES, NIZAMABAD",188672,OU,OC,F,,P1
"MEGHANA INSTITUTE OF DENTAL SCIENCES, NIZAMABAD",196311,OU,OC,F,,P1
"MEGHANA INSTITUTE OF DENTAL SCIENCES, NIZAMABAD",202142,OU,BCE,F,,P1
"MEGHANA INSTITUTE OF DENTAL SCIENCES, NIZAMABAD",205441,SVU,BCE,M,,P7
"MEGHANA INSTITUTE OF DENTAL SCIENCES, NIZAMABAD",205713,OU,OC,F,,P2
"MEGHANA INSTITUTE OF DENTAL SCIENCES, NIZAMABAD",236222,OU,BCE,F,,P2
"MEGHANA INSTITUTE OF DENTAL SCIENCES, NIZAMABAD",237432,SVU,SC,F,,P4
"MEGHANA INSTITUTE OF DENTAL SCIENCES, NIZAMABAD",242328,OU,OC,F,,P4
"MEGHANA INSTITUTE OF DENTAL SCIENCES, NIZAMABAD",255000,OU,BCD,F,,P5
"MEGHANA INSTITUTE OF DENTAL SCIENCES, NIZAMABAD",257193,OU,BCE,F,,P3
"MEGHANA INSTITUTE OF DENTAL SCIENCES, NIZAMABAD",257735,SVU,SC,M,,P6
"MEGHANA INSTITUTE OF DENTAL SCIENCES, NIZAMABAD",266268,OU,BCE,F,,P3
"MEGHANA INSTITUTE OF DENTAL SCIENCES, NIZAMABAD",266664,OU,OC,F,,P3
"MEGHANA INSTITUTE OF DENTAL SCIENCES, NIZAMABAD",267857,OU,BCE,F,,P4
"MEGHANA INSTITUTE OF DENTAL SCIENCES, NIZAMABAD",268764,OU,BCB,F,,P4
"MEGHANA INSTITUTE OF DENTAL SCIENCES, NIZAMABAD",269710,OU,BCE,F,,P4
"MEGHANA INSTITUTE OF DENTAL SCIENCES, NIZAMABAD",270372,OU,BCB,F,,P4
"MEGHANA INSTITUTE OF DENTAL SCIENCES, NIZAMABAD",271340,OU,BCE,M,,P4
"MEGHANA INSTITUTE OF DENTAL SCIENCES, NIZAMABAD",274580,OU,BCE,M,,P4
"MEGHANA INSTITUTE OF DENTAL SCIENCES, NIZAMABAD",274712,OU,BCD,F,,P4
"MEGHANA INSTITUTE OF DENTAL SCIENCES, NIZAMABAD",274713,OU,OC,F,,P4
"MEGHANA INSTITUTE OF DENTAL SCIENCES, NIZAMABAD",284893,OU,BCE,F,,P5
"MEGHANA INSTITUTE OF DENTAL SCIENCES, NIZAMABAD",285068,OU,ST,M,,P2
"MEGHANA INSTITUTE OF DENTAL SCIENCES, NIZAMABAD",295661,OU,BCD,F,,P5
"MEGHANA INSTITUTE OF DENTAL SCIENCES, NIZAMABAD",295763,OU,BCD,F,,P5
"MEGHANA INSTITUTE OF DENTAL SCIENCES, NIZAMABAD",298070,OU,BCD,F,,P4
"MEGHANA INSTITUTE OF DENTAL SCIENCES, NIZAMABAD",303093,OU,BCB,M,,P4
"MEGHANA INSTITUTE OF DENTAL SCIENCES, NIZAMABAD",306746,OU,ST,M,,P1
"MEGHANA INSTITUTE OF DENTAL SCIENCES, NIZAMABAD",312181,OU,BCB,F,,P4
"MEGHANA INSTITUTE OF DENTAL SCIENCES, NIZAMABAD",312758,OU,BCB,M,,P4
"MEGHANA INSTITUTE OF DENTAL SCIENCES, NIZAMABAD",314213,OU,BCB,F,,P5
"MEGHANA INSTITUTE OF DENTAL SCIENCES, NIZAMABAD",316250,OU,BCD,F,,P5
"MEGHANA INSTITUTE OF DENTAL SCIENCES, NIZAMABAD",321723,OU,BCB,F,,P4
"MEGHANA INSTITUTE OF DENTAL SCIENCES, NIZAMABAD",321842,OU,BCB,F,,P4
"MEGHANA INSTITUTE OF DENTAL SCIENCES, NIZAMABAD",327513,OU,SC,F,,P3
"MEGHANA INSTITUTE OF DENTAL SCIENCES, NIZAMABAD",327923,OU,SC,F,,P3
"MEGHANA INSTITUTE OF DENTAL SCIENCES, NIZAMABAD",335499,OU,BCB,M,,P6
"MEGHANA INSTITUTE OF DENTAL SCIENCES, NIZAMABAD",354308,SVU,BCA,F,,P7
"MEGHANA INSTITUTE OF DENTAL SCIENCES, NIZAMABAD",361578,OU,SC,F,,P4
"MEGHANA INSTITUTE OF DENTAL SCIENCES, NIZAMABAD",364162,OU,SC,M,,P4
"MEGHANA INSTITUTE OF DENTAL SCIENCES, NIZAMABAD",370898,OU,BCA,M,,P3
"MEGHANA INSTITUTE OF DENTAL SCIENCES, NIZAMABAD",373140,OU,BCA,M,,P3
"MEGHANA INSTITUTE OF DENTAL SCIENCES, NIZAMABAD",373545,OU,ST,F,,P5
"MEGHANA INSTITUTE OF DENTAL SCIENCES, NIZAMABAD",396190,OU,ST,F,,P5
"THIRUMALA ACADEMY OF DENTAL SCIENCES, NIZAMABAD",256451,OU,OC,F,,P3
"THIRUMALA ACADEMY OF DENTAL SCIENCES, NIZAMABAD",269116,OU,OC,F,,P3
"THIRUMALA ACADEMY OF DENTAL SCIENCES, NIZAMABAD",276729,OU,OC,F,,P4
"THIRUMALA ACADEMY OF DENTAL SCIENCES, NIZAMABAD",277162,OU,OC,F,,P4
"THIRUMALA ACADEMY OF DENTAL SCIENCES, NIZAMABAD",277879,OU,BCE,F,,P4
"THIRUMALA ACADEMY OF DENTAL SCIENCES, NIZAMABAD",279785,OU,OC,F,,P5
"THIRUMALA ACADEMY OF DENTAL SCIENCES, NIZAMABAD",280049,OU,BCE,F,,P4
"THIRUMALA ACADEMY OF DENTAL SCIENCES, NIZAMABAD",281695,OU,OC,F,,P7
"THIRUMALA ACADEMY OF DENTAL SCIENCES, NIZAMABAD",281923,OU,BCE,F,,P4
"THIRUMALA ACADEMY OF DENTAL SCIENCES, NIZAMABAD",286953,OU,BCE,F,,P5
"THIRUMALA ACADEMY OF DENTAL SCIENCES, NIZAMABAD",288820,OU,BCE,F,,P5
"THIRUMALA ACADEMY OF DENTAL SCIENCES, NIZAMABAD",294136,OU,BCE,F,,P5
"THIRUMALA ACADEMY OF DENTAL SCIENCES, NIZAMABAD",294321,OU,OC,F,,P5
"THIRUMALA ACADEMY OF DENTAL SCIENCES, NIZAMABAD",295544,OU,BCE,F,,P5
"THIRUMALA ACADEMY OF DENTAL SCIENCES, NIZAMABAD",295845,OU,BCD,F,,P5
"THIRUMALA ACADEMY OF DENTAL SCIENCES, NIZAMABAD",299201,OU,BCD,F,,P5
"THIRUMALA ACADEMY OF DENTAL SCIENCES, NIZAMABAD",299310,OU,BCD,F,,P4
"THIRUMALA ACADEMY OF DENTAL SCIENCES, NIZAMABAD",299398,OU,BCE,F,,P5
"THIRUMALA ACADEMY OF DENTAL SCIENCES, NIZAMABAD",299447,OU,BCD,F,,P4
"THIRUMALA ACADEMY OF DENTAL SCIENCES, NIZAMABAD",300947,OU,BCE,M,,P5
"THIRUMALA ACADEMY OF DENTAL SCIENCES, NIZAMABAD",304508,OU,BCE,F,,P5
"THIRUMALA ACADEMY OF DENTAL SCIENCES, NIZAMABAD",304510,OU,BCE,F,,P5
"THIRUMALA ACADEMY OF DENTAL SCIENCES, NIZAMABAD",304761,OU,BCD,M,,P4
"THIRUMALA ACADEMY OF DENTAL SCIENCES, NIZAMABAD",306117,OU,BCD,F,,P4
"THIRUMALA ACADEMY OF DENTAL SCIENCES, NIZAMABAD",306169,OU,BCD,M,,P4
"THIRUMALA ACADEMY OF DENTAL SCIENCES, NIZAMABAD",312218,OU,BCB,F,,P4
"THIRUMALA ACADEMY OF DENTAL SCIENCES, NIZAMABAD",312424,OU,BCD,F,,P5
"THIRUMALA ACADEMY OF DENTAL SCIENCES, NIZAMABAD",323714,OU,ST,F,,P2
"THIRUMALA ACADEMY OF DENTAL SCIENCES, NIZAMABAD",324259,OU,BCD,F,,P7
"THIRUMALA ACADEMY OF DENTAL SCIENCES, NIZAMABAD",327796,OU,BCB,F,,P4
"THIRUMALA ACADEMY OF DENTAL SCIENCES, NIZAMABAD",327939,OU,BCB,F,,P4
"THIRUMALA ACADEMY OF DENTAL SCIENCES, NIZAMABAD",328042,OU,SC,F,,P2
"THIRUMALA ACADEMY OF DENTAL SCIENCES, NIZAMABAD",330524,OU,BCB,F,,P5
"THIRUMALA ACADEMY OF DENTAL SCIENCES, NIZAMABAD",331241,OU,SC,F,,P3
"THIRUMALA ACADEMY OF DENTAL SCIENCES, NIZAMABAD",331724,OU,ST,M,,P7
"THIRUMALA ACADEMY OF DENTAL SCIENCES, NIZAMABAD",348044,OU,BCC,F,,P3
"THIRUMALA ACADEMY OF DENTAL SCIENCES, NIZAMABAD",349235,OU,SC,F,,P4
"THIRUMALA ACADEMY OF DENTAL SCIENCES, NIZAMABAD",365882,OU,SC,F,,P4
"THIRUMALA ACADEMY OF DENTAL SCIENCES, NIZAMABAD",376174,OU,SC,F,,P4
"THIRUMALA ACADEMY OF DENTAL SCIENCES, NIZAMABAD",378451,OU,SC,F,,P5
"THIRUMALA ACADEMY OF DENTAL SCIENCES, NIZAMABAD",378695,OU,ST,F,,P6
"THIRUMALA ACADEMY OF DENTAL SCIENCES, NIZAMABAD",380554,OU,BCA,F,,P6
"THIRUMALA ACADEMY OF DENTAL SCIENCES, NIZAMABAD",383153,OU,ST,M,,P4
"THIRUMALA ACADEMY OF DENTAL SCIENCES, NIZAMABAD",389680,OU,SC,M,,P6
"THIRUMALA ACADEMY OF DENTAL SCIENCES, NIZAMABAD",391719,OU,BCA,F,,P3
"THIRUMALA ACADEMY OF DENTAL SCIENCES, NIZAMABAD",391814,OU,ST,F,,P4
"THIRUMALA ACADEMY OF DENTAL SCIENCES, NIZAMABAD",394482,OU,BCB,M,,P3
"BALAJI DENTAL COLLEGE, MOINABAD",189238,OU,OC,F,,P4
"BALAJI DENTAL COLLEGE, MOINABAD",192007,OU,BCE,F,,P5
"BALAJI DENTAL COLLEGE, MOINABAD",205461,OU,BCE,F,,P4
"BALAJI DENTAL COLLEGE, MOINABAD",206288,OU,BCE,F,,P5
"BALAJI DENTAL COLLEGE, MOINABAD",208225,OU,OC,M,,P2
"BALAJI DENTAL COLLEGE, MOINABAD",208756,OU,BCE,F,,P3
"BALAJI DENTAL COLLEGE, MOINABAD",209005,OU,BCE,F,,P4
"BALAJI DENTAL COLLEGE, MOINABAD",209710,OU,BCE,F,,P4
"BALAJI DENTAL COLLEGE, MOINABAD",209955,OU,BCE,F,,P4
"BALAJI DENTAL COLLEGE, MOINABAD",212955,OU,OC,F,,P4
"BALAJI DENTAL COLLEGE, MOINABAD",214068,OU,BCE,F,,P5
"BALAJI DENTAL COLLEGE, MOINABAD",215231,OU,BCE,F,,P2
"BALAJI DENTAL COLLEGE, MOINABAD",215375,OU,OC,F,,P2
"BALAJI DENTAL COLLEGE, MOINABAD",218307,OU,BCE,F,,P2
"BALAJI DENTAL COLLEGE, MOINABAD",221003,OU,BCE,F,,P2
"BALAJI DENTAL COLLEGE, MOINABAD",224072,OU,BCE,F,,P3
"BALAJI DENTAL COLLEGE, MOINABAD",225630,OU,BCE,F,,P3
"BALAJI DENTAL COLLEGE, MOINABAD",226784,OU,BCE,F,,P4
"BALAJI DENTAL COLLEGE, MOINABAD",226917,OU,BCE,F,,P4
"BALAJI DENTAL COLLEGE, MOINABAD",227392,OU,BCE,F,,P4
"BALAJI DENTAL COLLEGE, MOINABAD",231731,OU,BCE,F,,P5
"BALAJI DENTAL COLLEGE, MOINABAD",231840,OU,BCE,F,,P5
"BALAJI DENTAL COLLEGE, MOINABAD",236569,OU,BCB,F,,P3
"BALAJI DENTAL COLLEGE, MOINABAD",246773,OU,BCD,F,,P2
"BALAJI DENTAL COLLEGE, MOINABAD",254915,SVU,BCA,M,,P5
"BALAJI DENTAL COLLEGE, MOINABAD",255906,OU,BCD,F,,P3
"BALAJI DENTAL COLLEGE, MOINABAD",263155,OU,BCB,F,,P3
"BALAJI DENTAL COLLEGE, MOINABAD",266628,OU,BCE,F,,P5
"BALAJI DENTAL COLLEGE, MOINABAD",273677,OU,BCE,F,,P5
"BALAJI DENTAL COLLEGE, MOINABAD",297453,OU,ST,M,,P2
"BALAJI DENTAL COLLEGE, MOINABAD",308436,OU,ST,F,,P2
"BALAJI DENTAL COLLEGE, MOINABAD",309530,OU,BCA,M,,P1
"BALAJI DENTAL COLLEGE, MOINABAD",323507,OU,SC,F,,P4
"BALAJI DENTAL COLLEGE, MOINABAD",325507,OU,SC,F,,P2
"BALAJI DENTAL COLLEGE, MOINABAD",331180,OU,BCB,F,,P5
"BALAJI DENTAL COLLEGE, MOINABAD",333974,OU,ST,M,,P3
"BALAJI DENTAL COLLEGE, MOINABAD",341208,OU,SC,F,,P4
"BALAJI DENTAL COLLEGE, MOINABAD",342867,OU,SC,F,,P3
"BALAJI DENTAL COLLEGE, MOINABAD",344094,OU,SC,M,,P3
"BALAJI DENTAL COLLEGE, MOINABAD",351371,OU,ST,F,,P4
"BALAJI DENTAL COLLEGE, MOINABAD",351562,OU,SC,F,,P4
"BALAJI DENTAL COLLEGE, MOINABAD",387490,OU,ST,F,,P4
"BALAJI DENTAL COLLEGE, MOINABAD",376791,OU,BCA,F,,P3
"BALAJI DENTAL COLLEGE, MOINABAD",380546,OU,SC,F,,P5
"BALAJI DENTAL COLLEGE, MOINABAD",387635,OU,BCA,F,,P6
MALLA REDDY DENTAL COLLEGE FOR WOMEN,155689,SVU,OC,F,,P3
MALLA REDDY DENTAL COLLEGE FOR WOMEN,182822,SVU,OC,F,,P4
MALLA REDDY DENTAL COLLEGE FOR WOMEN,202697,OU,OC,F,,P4
MALLA REDDY DENTAL COLLEGE FOR WOMEN,208612,NL,BCB,F,,P3
MALLA REDDY DENTAL COLLEGE FOR WOMEN,211093,SVU,SC,F,,P1
MALLA REDDY DENTAL COLLEGE FOR WOMEN,212427,OU,OC,F,,P2
MALLA REDDY DENTAL COLLEGE FOR WOMEN,233871,OU,OC,F,,P2
MALLA REDDY DENTAL COLLEGE FOR WOMEN,216930,OU,OC,F,,P2
MALLA REDDY DENTAL COLLEGE FOR WOMEN,217365,OU,BCE,F,,P2
MALLA REDDY DENTAL COLLEGE FOR WOMEN,219567,OU,BCB,F,,P2
MALLA REDDY DENTAL COLLEGE FOR WOMEN,224126,OU,BCE,F,,P2
MALLA REDDY DENTAL COLLEGE FOR WOMEN,224165,OU,OC,F,,P2
MALLA REDDY DENTAL COLLEGE FOR WOMEN,224297,OU,BCE,F,,P2
MALLA REDDY DENTAL COLLEGE FOR WOMEN,224338,OU,OC,F,,P2
MALLA REDDY DENTAL COLLEGE FOR WOMEN,224829,OU,BCE,F,,P2
MALLA REDDY DENTAL COLLEGE FOR WOMEN,225832,OU,BCE,F,,P3
MALLA REDDY DENTAL COLLEGE FOR WOMEN,227150,OU,BCE,F,,P3
MALLA REDDY DENTAL COLLEGE FOR WOMEN,227871,OU,BCE,F,,P3
MALLA REDDY DENTAL COLLEGE FOR WOMEN,228422,OU,BCE,F,,P3
MALLA REDDY DENTAL COLLEGE FOR WOMEN,232936,OU,BCD,F,,P3
MALLA REDDY DENTAL COLLEGE FOR WOMEN,234334,OU,OC,F,,P3
MALLA REDDY DENTAL COLLEGE FOR WOMEN,236065,OU,BCB,F,,P4
MALLA REDDY DENTAL COLLEGE FOR WOMEN,236870,OU,BCE,F,,P4
MALLA REDDY DENTAL COLLEGE FOR WOMEN,242031,OU,BCE,F,,P4
MALLA REDDY DENTAL COLLEGE FOR WOMEN,248365,OU,BCB,F,,P5
MALLA REDDY DENTAL COLLEGE FOR WOMEN,250321,OU,BCB,F,,P4
MALLA REDDY DENTAL COLLEGE FOR WOMEN,256478,OU,BCD,F,,P4
MALLA REDDY DENTAL COLLEGE FOR WOMEN,256513,OU,BCD,F,,P3
MALLA REDDY DENTAL COLLEGE FOR WOMEN,264756,OU,BCD,F,,P3
MALLA REDDY DENTAL COLLEGE FOR WOMEN,266662,OU,BCD,F,,P3
MALLA REDDY DENTAL COLLEGE FOR WOMEN,313987,OU,ST,F,,P4
MALLA REDDY DENTAL COLLEGE FOR WOMEN,314148,OU,BCD,F,,P5
MALLA REDDY DENTAL COLLEGE FOR WOMEN,319842,OU,SC,F,,P2
MALLA REDDY DENTAL COLLEGE FOR WOMEN,321503,OU,BCB,F,,P5
MALLA REDDY DENTAL COLLEGE FOR WOMEN,325515,OU,SC,F,,P3
MALLA REDDY DENTAL COLLEGE FOR WOMEN,325648,OU,SC,F,,P3
MALLA REDDY DENTAL COLLEGE FOR WOMEN,327772,OU,SC,F,,P3
MALLA REDDY DENTAL COLLEGE FOR WOMEN,328438,OU,SC,F,,P3
MALLA REDDY DENTAL COLLEGE FOR WOMEN,337261,OU,ST,F,,P2
MALLA REDDY DENTAL COLLEGE FOR WOMEN,339778,OU,ST,F,,P3
MALLA REDDY DENTAL COLLEGE FOR WOMEN,345244,OU,SC,F,,P4
MALLA REDDY DENTAL COLLEGE FOR WOMEN,347302,OU,SC,F,,P4
MALLA REDDY DENTAL COLLEGE FOR WOMEN,363530,OU,ST,F,,P4
MALLA REDDY DENTAL COLLEGE FOR WOMEN,367983,OU,BCA,F,,P3
MALLA REDDY DENTAL COLLEGE FOR WOMEN,370208,OU,BCA,F,,P3
MALLA REDDY DENTAL COLLEGE FOR WOMEN,378633,OU,ST,F,,P5
"SRI SAI COLLEGE OF DENTAL SURGERY, VIKARABAD",199877,OU,OC,F,,P4
"SRI SAI COLLEGE OF DENTAL SURGERY, VIKARABAD",202687,OU,OC,F,,P4
"SRI SAI COLLEGE OF DENTAL SURGERY, VIKARABAD",208562,OU,BCE,M,,P2
"SRI SAI COLLEGE OF DENTAL SURGERY, VIKARABAD",228476,OU,BCD,F,,P2
"SRI SAI COLLEGE OF DENTAL SURGERY, VIKARABAD",229636,OU,BCE,F,,P3
"SRI SAI COLLEGE OF DENTAL SURGERY, VIKARABAD",230023,OU,BCE,F,,P3
"SRI SAI COLLEGE OF DENTAL SURGERY, VIKARABAD",230189,OU,BCE,M,,P2
"SRI SAI COLLEGE OF DENTAL SURGERY, VIKARABAD",235141,OU,OC,F,,P3
"SRI SAI COLLEGE OF DENTAL SURGERY, VIKARABAD",237474,OU,OC,F,,P4
"SRI SAI COLLEGE OF DENTAL SURGERY, VIKARABAD",237872,OU,BCE,F,,P4
"SRI SAI COLLEGE OF DENTAL SURGERY, VIKARABAD",240876,OU,BCD,F,,P4
"SRI SAI COLLEGE OF DENTAL SURGERY, VIKARABAD",242064,OU,BCB,F,,P3
"SRI SAI COLLEGE OF DENTAL SURGERY, VIKARABAD",244360,OU,OC,F,,P3
"SRI SAI COLLEGE OF DENTAL SURGERY, VIKARABAD",248445,OU,BCE,F,,P3
"SRI SAI COLLEGE OF DENTAL SURGERY, VIKARABAD",251573,OU,BCE,M,,P3
"SRI SAI COLLEGE OF DENTAL SURGERY, VIKARABAD",252138,OU,OC,F,,P4
"SRI SAI COLLEGE OF DENTAL SURGERY, VIKARABAD",252486,OU,BCB,F,,P3
"SRI SAI COLLEGE OF DENTAL SURGERY, VIKARABAD",252517,OU,BCD,M,,P3
"SRI SAI COLLEGE OF DENTAL SURGERY, VIKARABAD",253261,SVU,SC,M,,P6
"SRI SAI COLLEGE OF DENTAL SURGERY, VIKARABAD",254225,OU,BCB,M,,P4
"SRI SAI COLLEGE OF DENTAL SURGERY, VIKARABAD",254515,OU,OC,M,,P4
"SRI SAI COLLEGE OF DENTAL SURGERY, VIKARABAD",254990,OU,BCE,F,,P4
"SRI SAI COLLEGE OF DENTAL SURGERY, VIKARABAD",258121,OU,BCB,F,,P5
"SRI SAI COLLEGE OF DENTAL SURGERY, VIKARABAD",259959,OU,BCE,F,,P4
"SRI SAI COLLEGE OF DENTAL SURGERY, VIKARABAD",266369,OU,BCD,F,,P3
"SRI SAI COLLEGE OF DENTAL SURGERY, VIKARABAD",268413,OU,BCB,F,,P5
"SRI SAI COLLEGE OF DENTAL SURGERY, VIKARABAD",271569,OU,BCB,F,,P4
"SRI SAI COLLEGE OF DENTAL SURGERY, VIKARABAD",271654,OU,BCD,M,,P3
"SRI SAI COLLEGE OF DENTAL SURGERY, VIKARABAD",291535,OU,ST,F,,P3
"SRI SAI COLLEGE OF DENTAL SURGERY, VIKARABAD",292551,OU,BCB,M,,P3
"SRI SAI COLLEGE OF DENTAL SURGERY, VIKARABAD",293990,OU,BCB,F,,P3
"SRI SAI COLLEGE OF DENTAL SURGERY, VIKARABAD",302638,OU,ST,F,,P3
"SRI SAI COLLEGE OF DENTAL SURGERY, VIKARABAD",302663,OU,BCA,M,,P2
"SRI SAI COLLEGE OF DENTAL SURGERY, VIKARABAD",303002,OU,SC,M,,P2
"SRI SAI COLLEGE OF DENTAL SURGERY, VIKARABAD",308506,OU,ST,M,,P4
"SRI SAI COLLEGE OF DENTAL SURGERY, VIKARABAD",310339,OU,BCA,F,,P2
"SRI SAI COLLEGE OF DENTAL SURGERY, VIKARABAD",315923,OU,SC,F,,P2
"SRI SAI COLLEGE OF DENTAL SURGERY, VIKARABAD",323632,OU,SC,F,,P2
"SRI SAI COLLEGE OF DENTAL SURGERY, VIKARABAD",328444,OU,BCB,F,,P5
"SRI SAI COLLEGE OF DENTAL SURGERY, VIKARABAD",331598,OU,ST,M,,P4
"SRI SAI COLLEGE OF DENTAL SURGERY, VIKARABAD",337254,OU,SC,F,,P3
"SRI SAI COLLEGE OF DENTAL SURGERY, VIKARABAD",337282,OU,SC,F,,P3
"SRI SAI COLLEGE OF DENTAL SURGERY, VIKARABAD",353636,OU,BCA,F,,P2
"SRI SAI COLLEGE OF DENTAL SURGERY, VIKARABAD",355304,OU,SC,F,,P4
"SRI SAI COLLEGE OF DENTAL SURGERY, VIKARABAD",368401,OU,ST,F,,P3
"SRI SAI COLLEGE OF DENTAL SURGERY, VIKARABAD",401576,OU,SC,F,,P7
"SRI SAI COLLEGE OF DENTAL SURGERY, VIKARABAD",451491,OU,OC,M,,P2
